timestamp,BPOGX,BPOGY,LPD,LPV,RPD,RPV
1677142475386,686,237,17.65311,1,22.84398,1
1677142475392,682,224,17.64757,1,22.9734,1
1677142475399,683,231,17.94469,1,22.99978,1
1677142475406,684,241,17.95733,1,22.9196,1
1677142475413,691,228,17.85059,1,22.88059,1
1677142475419,689,241,17.52124,1,22.95108,1
1677142475426,689,235,17.72272,1,23.09289,1
1677142475433,684,254,17.50995,1,23.09363,1
1677142475440,682,256,17.47783,1,22.89079,1
1677142475446,682,246,17.52336,1,22.88226,1
1677142475453,681,225,17.5298,1,22.84257,1
1677142475460,686,232,17.44424,1,22.89745,1
1677142475467,686,232,17.68808,1,22.92541,1
1677142475473,684,198,17.84604,1,22.8577,1
1677142475480,681,205,17.84604,1,22.82264,1
1677142475487,681,205,17.73693,1,22.8054,1
1677142475496,675,194,17.58697,1,22.85106,1
1677142475500,696,184,17.65455,1,22.85106,1
1677142475507,696,189,17.58533,1,22.88139,1
1677142475513,696,248,17.66573,1,23.07856,1
1677142475520,701,259,17.81944,1,23.00461,1
1677142475527,701,268,17.58533,1,23.00461,1
1677142475534,670,271,17.32456,1,22.98047,1
1677142475540,677,263,17.63977,1,22.98901,1
1677142475547,677,258,17.63977,1,22.99575,1
1677142475554,680,213,17.66573,1,22.96033,1
1677142475560,682,221,18.09706,1,22.89467,1
1677142475567,682,211,17.58533,1,22.85271,1
1677142475574,692,200,18.00432,1,22.85642,1
1677142475580,686,186,17.71414,1,22.88589,1
1677142475587,686,179,17.89148,1,22.88929,1
1677142475594,697,224,17.7757,1,23.27577,1
1677142475600,663,239,17.73542,1,23.28826,1
1677142475607,662,234,17.72048,1,23.18667,1
1677142475614,669,351,18.77503,1,23.80195,1
1677142475621,616,378,17.92577,1,23.73663,1
1677142475627,618,388,17.91966,1,23.77704,1
1677142475634,673,359,17.89615,1,23.97766,1
1677142475641,672,375,17.81894,1,23.52973,1
1677142475647,672,375,17.76453,1,23.5297,1
1677142475654,673,422,18.11569,1,23.66426,1
1677142475661,671,378,17.89247,1,23.59175,1
1677142475668,671,382,17.66096,1,23.58865,1
1677142475674,667,374,18.30065,1,23.41998,1
1677142475681,571,377,18.61785,1,23.68663,1
1677142475687,574,386,18.60209,1,23.66443,1
1677142475694,365,334,17.87697,1,23.37604,1
1677142475701,283,297,18.09258,1,23.37309,1
1677142475708,283,297,17.94087,1,23.66167,1
1677142475714,313,331,17.6864,1,23.81825,1
1677142475721,309,331,17.9248,1,23.85551,1
1677142475728,313,340,17.35595,1,23.76382,1
1677142475734,269,328,17.54354,1,23.80558,1
1677142475741,312,295,17.58722,1,23.76848,1
1677142475748,314,302,17.1935,1,23.69234,1
1677142475755,296,332,17.87623,1,23.59241,1
1677142475761,331,370,17.92137,1,23.59336,1
1677142475768,327,362,17.58692,1,23.5722,1
1677142475775,320,340,17.56066,1,23.35897,1
1677142475781,280,294,17.28891,1,23.01119,1
1677142475787,280,294,17.15916,1,23.73407,1
1677142475795,343,285,17.20758,1,22.76629,1
1677142475802,317,317,17.01085,1,22.81184,1
1677142475808,322,328,16.8959,1,23.50893,1
1677142475815,349,326,17.51794,1,23.42579,1
1677142475822,294,326,17.32708,1,22.74617,1
1677142475828,287,311,17.29915,1,23.26659,1
1677142475835,307,304,17.4308,1,22.77414,1
1677142475841,284,315,16.87362,1,22.57459,1
1677142475848,288,322,17.0067,1,23.18048,1
1677142475855,316,309,16.96313,1,22.71805,1
1677142475861,279,338,17.34809,1,22.98897,1
1677142475868,279,338,17.0602,1,23.26181,1
1677142475875,320,299,17.07946,1,22.518,1
1677142475882,284,335,16.90622,1,22.94201,1
1677142475888,284,335,16.89407,1,22.94173,1
1677142475895,322,319,17.61138,1,22.73926,1
1677142475902,315,323,17.29507,1,22.62313,1
1677142475909,317,329,16.91009,1,22.94146,1
1677142475915,288,297,16.88193,1,22.36036,1
1677142475922,311,367,16.69563,1,22.44757,1
1677142475929,314,371,17.01117,1,23.04944,1
1677142475936,303,349,16.9802,1,22.52682,1
1677142475943,320,387,16.99767,1,22.45178,1
1677142475950,319,387,16.33744,1,22.80766,1
1677142475956,341,369,17.31248,1,22.39397,1
1677142475962,330,399,16.91723,1,21.90443,1
1677142475969,326,388,16.41715,1,22.66814,1
1677142475975,278,343,17.21553,1,21.88273,1
1677142475982,293,281,16.61977,1,22.17805,1
1677142475989,287,268,16.75601,1,22.46241,1
1677142475996,276,287,16.64599,1,22.24324,1
1677142476003,274,318,16.57635,1,22.0566,1
1677142476009,289,349,16.56014,1,22.4729,1
1677142476016,289,215,17.50048,1,22.0888,1
1677142476022,261,168,17.6345,1,21.40731,1
1677142476029,257,157,17.7035,1,21.51661,1
1677142476036,274,189,17.68005,1,21.58278,1
1677142476043,284,162,17.92319,1,21.56001,1
1677142476050,281,158,17.8204,1,21.71287,1
1677142476056,264,181,17.72848,1,21.90346,1
1677142476063,288,237,17.65123,1,21.80066,1
1677142476069,293,248,17.95703,1,21.63425,1
1677142476076,247,208,17.9177,1,21.83155,1
1677142476083,288,223,17.67636,1,21.87554,1
1677142476090,288,223,17.67466,1,21.55518,1
1677142476096,273,257,17.89252,1,21.94103,1
1677142476103,282,204,17.68346,1,21.82113,1
1677142476109,285,209,17.8189,1,21.83195,1
1677142476116,295,214,17.83786,1,21.95511,1
1677142476123,267,237,17.56815,1,21.83258,1
1677142476130,267,237,17.73037,1,21.78294,1
1677142476136,251,260,18.21035,1,21.83603,1
1677142476143,265,214,17.88946,1,21.67402,1
1677142476150,257,196,17.5879,1,21.64987,1
1677142476156,241,172,18.2733,1,21.93457,1
1677142476163,271,198,18.10865,1,22.04332,1
1677142476170,271,200,18.09076,1,22.02684,1
1677142476177,259,193,18.05368,1,21.97713,1
1677142476183,266,172,18.11798,1,21.88502,1
1677142476190,265,174,18.18405,1,21.94153,1
1677142476197,293,182,18.11633,1,22.30742,1
1677142476203,266,197,17.73092,1,22.06959,1
1677142476210,271,210,17.90178,1,21.96905,1
1677142476216,298,234,17.98011,1,22.28063,1
1677142476224,286,205,18.19012,1,22.42978,1
1677142476230,288,210,18.08712,1,21.93949,1
1677142476237,260,225,18.30781,1,22.3779,1
1677142476244,312,191,18.3527,1,22.01023,1
1677142476250,310,183,18.04897,1,22.14685,1
1677142476257,250,183,17.76739,1,21.87692,1
1677142476263,261,156,17.95499,1,21.74703,1
1677142476270,250,133,18.1981,1,22.00488,1
1677142476277,282,150,18.19913,1,21.95835,1
1677142476284,236,84,18.19204,1,21.83906,1
1677142476291,245,108,18.39002,1,21.5023,1
1677142476297,265,150,18.24681,1,22.04487,1
1677142476304,270,199,17.9865,1,22.029,1
1677142476311,271,198,18.11673,1,21.34315,1
1677142476317,276,478,18.26281,1,22.35878,1
1677142476324,247,573,18.1628,1,23.6652,1
1677142476331,239,561,17.37252,1,22.90928,1
1677142476337,265,781,17.32128,1,23.821,1
1677142476344,208,856,17.24607,1,23.6112,1
1677142476350,214,868,17.39179,1,23.59634,1
1677142476357,301,894,17.56504,1,23.36084,1
1677142476364,262,870,17.23652,1,23.3514,1
1677142476371,254,861,17.32454,1,23.36252,1
1677142476377,248,877,17.56573,1,23.26174,1
1677142476384,244,868,17.55438,1,23.28021,1
1677142476391,241,863,17.39374,1,23.25526,1
1677142476397,278,845,17.54835,1,23.4884,1
1677142476404,252,830,17.71843,1,23.3948,1
1677142476411,251,828,17.14858,1,23.47509,1
1677142476418,217,848,17.76399,1,23.41004,1
1677142476425,256,846,17.67335,1,23.61825,1
1677142476431,261,852,17.35728,1,23.4372,1
1677142476438,201,649,17.50527,1,23.64215,1
1677142476444,227,641,17.47174,1,23.73334,1
1677142476451,224,866,17.56842,1,23.79317,1
1677142476458,286,889,17.79141,1,23.85642,1
1677142476465,261,848,17.51745,1,23.79919,1
1677142476471,264,624,17.68995,1,23.7166,1
1677142476478,248,624,17.50206,1,23.85768,1
1677142476485,247,639,17.58089,1,23.84005,1
1677142476491,241,632,17.63755,1,23.81038,1
1677142476498,207,626,17.75809,1,23.91733,1
1677142476505,193,599,17.55138,1,23.91733,1
1677142476511,182,586,17.76406,1,23.91733,1
1677142476518,239,557,17.69954,1,23.95791,1
1677142476525,206,554,17.69954,1,24.02142,1
1677142476532,206,554,17.69954,1,23.93545,1
1677142476538,223,547,18.22429,1,24.21025,1
1677142476545,242,537,18.35519,1,24.38793,1
1677142476552,250,552,17.8151,1,24.35447,1
1677142476558,231,547,18.07995,1,24.32337,1
1677142476565,255,568,18.0434,1,24.3406,1
1677142476572,271,588,18.2544,1,24.24212,1
1677142476579,300,563,18.15226,1,24.2649,1
1677142476585,325,561,18.11155,1,24.28355,1
1677142476591,314,547,17.97229,1,24.50255,1
1677142476598,220,531,17.84163,1,24.35424,1
1677142476605,253,517,18.06151,1,24.46442,1
1677142476612,259,524,18.10972,1,24.35047,1
1677142476619,280,1040,17.84498,1,24.40896,1
1677142476626,293,1026,17.78376,1,24.30995,1
1677142476632,292,1029,18.3326,1,24.23258,1
1677142476639,247,1007,18.42233,1,24.21129,1
1677142476645,259,1019,18.31127,1,23.98139,1
1677142476652,260,1018,17.98958,1,24.21932,1
1677142476659,270,1014,17.99367,1,24.2699,1
1677142476665,260,1010,18.07933,1,24.11688,1
1677142476672,259,1011,18.00406,1,24.22831,1
1677142476679,311,1017,18.11682,1,24.37188,1
1677142476686,307,1037,17.78909,1,24.43502,1
1677142476692,316,1052,17.97239,1,24.45702,1
1677142476699,294,1072,17.74871,1,24.2206,1
1677142476706,292,1062,17.78118,1,24.4071,1
1677142476712,278,1038,17.7331,1,24.29828,1
1677142476719,231,1036,17.62085,1,24.36357,1
1677142476726,235,1014,17.75368,1,24.37012,1
1677142476732,225,999,17.75368,1,24.32287,1
1677142476739,237,971,17.86422,1,24.40652,1
1677142476746,259,945,17.58013,1,24.23304,1
1677142476753,272,970,17.42182,1,24.14794,1
1677142476759,307,996,17.78856,1,24.37427,1
1677142476766,292,1016,17.66196,1,24.37427,1
1677142476773,306,1039,17.72282,1,24.19444,1
1677142476780,285,1086,18.17049,1,24.47666,1
1677142476786,276,1021,18.0156,1,24.38139,1
1677142476793,274,1017,18.68929,1,24.45655,1
1677142476799,287,919,17.64581,1,24.13294,1
1677142476806,291,919,17.76986,1,24.2749,1
1677142476813,287,910,18.19802,1,24.34822,1
1677142476820,305,921,18.20588,1,24.34945,1
1677142476826,271,920,18.46174,1,24.42989,1
1677142476833,269,917,18.4728,1,24.38484,1
1677142476840,268,912,18.14776,1,24.36674,1
1677142476846,247,915,18.20637,1,24.37297,1
1677142476853,247,915,18.3674,1,24.37731,1
1677142476860,254,935,18.53861,1,24.33908,1
1677142476866,254,938,18.53861,1,24.39555,1
1677142476873,259,946,17.60425,1,24.40091,1
1677142476880,258,955,18.54463,1,24.64923,1
1677142476887,266,972,18.42555,1,24.40091,1
1677142476893,271,980,17.86939,1,24.33639,1
1677142476900,266,989,18.56745,1,24.42396,1
1677142476907,286,1001,18.41117,1,24.55847,1
1677142476914,286,1001,18.30259,1,24.67354,1
1677142476920,284,999,18.21503,1,24.27782,1
1677142476927,278,1026,18.25296,1,24.3175,1
1677142476934,278,1026,17.24039,1,24.24273,1
1677142476940,308,972,18.6019,1,24.33411,1
1677142476947,309,988,18.45465,1,24.36576,1
1677142476954,309,988,18.24136,1,24.42848,1
1677142476960,306,977,18.45097,1,24.60533,1
1677142476967,296,982,18.43834,1,24.53399,1
1677142476974,296,982,18.15442,1,24.52417,1
1677142476980,300,954,18.20843,1,24.36151,1
1677142476987,300,959,18.26604,1,24.3326,1
1677142476994,300,959,18.29363,1,24.36512,1
1677142477000,312,998,18.515,1,24.46891,1
1677142477007,311,1002,18.38771,1,24.43221,1
1677142477014,311,1002,18.22604,1,24.40276,1
1677142477021,286,990,18.31089,1,24.30294,1
1677142477027,285,996,18.31089,1,24.34154,1
1677142477034,280,988,18.05835,1,24.31307,1
1677142477040,298,1005,18.62584,1,24.32254,1
1677142477047,297,943,18.42215,1,24.2219,1
1677142477054,289,925,18.38643,1,24.02065,1
1677142477061,270,906,18.3416,1,24.0993,1
1677142477067,271,892,18.30795,1,24.14387,1
1677142477074,262,874,18.30142,1,23.92339,1
1677142477081,273,876,18.08931,1,24.06604,1
1677142477088,273,888,18.08931,1,23.93574,1
1677142477094,273,888,18.0982,1,23.88354,1
1677142477101,263,915,18.65716,1,23.98074,1
1677142477108,236,920,18.64489,1,23.90135,1
1677142477114,231,911,18.21558,1,23.80011,1
1677142477121,229,914,18.17411,1,23.89288,1
1677142477127,221,880,18.13809,1,23.80365,1
1677142477134,216,871,18.14428,1,23.80747,1
1677142477141,210,874,18.30135,1,23.93024,1
1677142477148,188,904,18.19275,1,23.82913,1
1677142477155,188,904,18.12123,1,23.97735,1
1677142477161,216,834,18.23506,1,24.02121,1
1677142477168,221,843,18.26105,1,23.93879,1
1677142477175,221,843,18.26105,1,23.93879,1
1677142477181,229,813,18.17686,1,23.72278,1
1677142477188,224,789,18.23375,1,23.77138,1
1677142477195,224,789,18.23375,1,23.75709,1
1677142477201,224,864,18.30135,1,23.96699,1
1677142477208,215,848,18.17887,1,23.94441,1
1677142477215,220,858,18.14428,1,23.99232,1
1677142477222,249,925,18.27668,1,23.63454,1
1677142477228,251,928,18.18288,1,23.69914,1
1677142477235,256,937,18.48845,1,23.60864,1
1677142477242,251,889,17.43772,1,23.65668,1
1677142477248,249,907,17.4258,1,23.64125,1
1677142477255,257,925,18.09849,1,23.70131,1
1677142477261,254,936,17.84876,1,23.82871,1
1677142477268,257,958,17.92602,1,23.69976,1
1677142477275,272,983,17.8633,1,23.67439,1
1677142477282,341,992,18.25288,1,23.63604,1
1677142477289,354,994,18.00505,1,23.71185,1
1677142477295,354,994,18.38983,1,23.76105,1
1677142477302,332,994,17.90433,1,23.70077,1
1677142477309,346,999,17.65555,1,23.77798,1
1677142477315,339,981,17.95257,1,23.76353,1
1677142477322,319,982,17.61945,1,23.89887,1
1677142477328,331,923,18.27074,1,23.88017,1
1677142477336,325,911,17.51591,1,23.70183,1
1677142477342,276,895,18.01965,1,23.47161,1
1677142477348,304,895,18.0242,1,23.77659,1
1677142477356,309,905,17.80518,1,23.60704,1
1677142477362,349,940,17.87828,1,23.62827,1
1677142477369,307,933,17.94913,1,23.32898,1
1677142477376,309,938,17.59031,1,23.44621,1
1677142477382,328,991,17.69327,1,23.57469,1
1677142477389,330,996,17.71734,1,23.47743,1
1677142477396,331,994,18.04486,1,23.21137,1
1677142477402,315,934,17.64346,1,23.34026,1
1677142477409,299,894,17.69382,1,22.9754,1
1677142477416,293,887,17.31328,1,23.17266,1
1677142477423,316,924,17.44126,1,22.96727,1
1677142477429,332,959,17.59591,1,23.06605,1
1677142477436,337,966,16.87242,1,23.12291,1
1677142477442,332,916,17.63872,1,22.95314,1
1677142477449,321,910,17.66807,1,23.05482,1
1677142477456,314,898,17.56514,1,22.95983,1
1677142477462,292,899,17.62629,1,23.20548,1
1677142477470,322,904,17.76314,1,23.20423,1
1677142477477,332,927,17.76871,1,23.131,1
1677142477483,345,953,17.74737,1,22.83893,1
1677142477489,350,961,17.71785,1,23.02505,1
1677142477496,350,961,17.71785,1,22.72586,1
1677142477503,353,991,17.54259,1,22.62541,1
1677142477510,343,958,17.72951,1,22.62541,1
1677142477516,339,950,17.67101,1,22.63922,1
1677142477523,344,953,17.69633,1,22.62501,1
1677142477530,343,949,17.59311,1,22.85967,1
1677142477536,343,949,17.48704,1,22.81596,1
1677142477543,320,953,17.26916,1,22.77351,1
1677142477550,352,952,17.38099,1,22.84853,1
1677142477557,355,960,16.87517,1,22.57166,1
1677142477563,348,976,17.10649,1,22.63555,1
1677142477570,350,961,17.07312,1,22.70728,1
1677142477577,351,959,17.41891,1,22.70728,1
1677142477583,334,955,17.20137,1,22.5577,1
1677142477589,306,974,17.07215,1,22.56462,1
1677142477597,301,968,17.75025,1,22.41212,1
1677142477604,359,954,17.60216,1,22.40682,1
1677142477610,460,992,16.68856,1,22.38326,1
1677142477617,462,997,16.39155,1,22.08265,1
1677142477623,714,973,16.73063,1,21.99521,1
1677142477630,804,987,16.81872,1,21.81029,1
1677142477637,804,979,17.27649,1,22.08408,1
1677142477643,837,1020,17.27981,1,21.92191,1
1677142477650,834,1000,17.11449,1,21.80888,1
1677142477657,834,1000,17.62541,1,21.91122,1
1677142477664,823,979,17.41501,1,21.66097,1
1677142477670,815,1004,17.21402,1,21.7901,1
1677142477677,814,1008,17.7352,1,21.75304,1
1677142477684,839,1017,16.89497,1,21.70483,1
1677142477690,854,1029,17.03021,1,21.71063,1
1677142477697,855,1024,17.75571,1,21.78159,1
1677142477704,828,1014,17.19036,1,21.87307,1
1677142477710,828,1010,17.36318,1,21.67098,1
1677142477717,829,992,17.84772,1,21.57561,1
1677142477724,845,996,17.16102,1,21.88254,1
1677142477731,822,1002,16.95255,1,21.62307,1
1677142477737,821,1017,17.41429,1,21.54625,1
1677142477744,829,1020,17.67647,1,21.6998,1
1677142477751,831,1032,17.4617,1,21.672,1
1677142477757,832,1037,17.79104,1,21.79801,1
1677142477764,821,1026,17.81144,1,21.6937,1
1677142477771,823,1002,17.17421,1,21.62832,1
1677142477777,823,1002,17.23532,1,21.55511,1
1677142477784,831,963,17.69942,1,21.74255,1
1677142477791,812,1001,17.70023,1,21.75545,1
1677142477798,812,1001,17.17161,1,21.65057,1
1677142477804,837,1035,17.60499,1,21.70592,1
1677142477811,836,998,17.59885,1,21.75845,1
1677142477818,835,1002,16.95266,1,21.63902,1
1677142477825,801,1051,17.48347,1,21.91712,1
1677142477831,741,1050,17.33795,1,21.9291,1
1677142477838,742,1060,16.57694,1,21.69411,1
1677142477845,462,1091,17.11197,1,22.42714,1
1677142477851,390,1111,16.89222,1,22.34759,1
1677142477858,384,1102,16.68799,1,22.30497,1
1677142477865,374,1075,16.78103,1,22.53301,1
1677142477871,375,1070,16.91066,1,22.48208,1
1677142477878,379,1077,16.80435,1,22.52838,1
1677142477885,402,1117,16.69265,1,22.62645,1
1677142477891,386,1138,16.57252,1,22.37847,1
1677142477898,386,1136,16.88363,1,22.51336,1
1677142477905,402,1110,17.15949,1,22.57287,1
1677142477911,394,1083,16.70852,1,22.41652,1
1677142477918,380,1059,16.67379,1,22.37334,1
1677142477925,366,1061,16.63537,1,22.61079,1
1677142477932,295,1093,16.74665,1,22.39797,1
1677142477938,298,1098,16.74665,1,22.41044,1
1677142477945,320,1080,16.66679,1,22.50009,1
1677142477951,344,1057,16.85008,1,22.43103,1
1677142477958,353,1071,16.90057,1,22.44934,1
1677142477965,352,1095,16.81772,1,22.55051,1
1677142477972,366,1088,16.75638,1,22.52746,1
1677142477979,366,1088,16.91763,1,22.52746,1
1677142477985,363,1108,16.93779,1,22.65992,1
1677142477992,351,1101,16.97627,1,22.63226,1
1677142477998,351,1101,16.64274,1,22.7562,1
1677142478005,337,1131,16.72118,1,23.11997,1
1677142478012,363,1132,16.56295,1,22.58654,1
1677142478019,358,1124,16.56435,1,22.67039,1
1677142478025,364,1122,16.87407,1,22.79846,1
1677142478032,378,1111,16.91179,1,22.54171,1
1677142478039,378,1109,16.78677,1,22.69815,1
1677142478045,355,1100,16.88317,1,22.82656,1
1677142478052,333,1103,16.60567,1,22.72246,1
1677142478059,335,1108,17.06266,1,22.81353,1
1677142478066,262,1044,17.07821,1,23.1088,1
1677142478072,273,1079,17.13575,1,23.12913,1
1677142478079,272,1076,17.06938,1,23.20571,1
1677142478086,290,1055,17.47782,1,23.04018,1
1677142478092,272,1015,16.61839,1,23.23962,1
1677142478099,271,1015,16.62823,1,23.24811,1
1677142478106,265,1067,17.07811,1,23.27098,1
1677142478113,271,1092,17.1714,1,23.32044,1
1677142478120,279,1103,17.05445,1,23.37924,1
1677142478126,310,1084,17.21095,1,23.13832,1
1677142478133,282,1029,16.9045,1,23.26336,1
1677142478139,275,1019,16.98715,1,23.22923,1
1677142478146,287,1055,17.16902,1,23.35108,1
1677142478153,294,1076,16.92946,1,23.28965,1
1677142478159,303,1090,16.83072,1,23.1728,1
1677142478166,294,1088,17.15423,1,23.38672,1
1677142478173,317,1113,17.11401,1,23.26059,1
1677142478179,308,1096,17.37134,1,23.35806,1
1677142478186,278,1049,17.32193,1,23.25404,1
1677142478193,241,1041,16.95393,1,23.41194,1
1677142478200,236,1036,17.19641,1,23.4049,1
1677142478206,261,1051,17.45511,1,23.39385,1
1677142478213,279,1092,17.53553,1,23.18982,1
1677142478219,291,1105,17.3861,1,23.26868,1
1677142478227,290,1038,17.25012,1,23.4483,1
1677142478233,288,1050,16.96678,1,23.49548,1
1677142478240,270,1021,16.92961,1,23.37897,1
1677142478246,223,994,17.37899,1,23.4381,1
1677142478252,234,960,17.42772,1,23.40717,1
1677142478260,242,976,17.0031,1,23.38967,1
1677142478267,308,971,17.0761,1,23.0611,1
1677142478273,302,1043,16.52174,1,23.18844,1
1677142478280,319,1069,16.58748,1,23.29261,1
1677142478287,305,1076,16.91182,1,23.23152,1
1677142478293,308,1053,16.9524,1,23.19736,1
1677142478300,306,1050,16.79009,1,23.228,1
1677142478306,324,1078,16.88586,1,23.30544,1
1677142478314,341,1100,16.73835,1,23.09052,1
1677142478320,338,1091,16.81337,1,22.9339,1
1677142478326,289,1075,17.07174,1,23.14417,1
1677142478334,287,1050,17.09745,1,22.99433,1
1677142478340,270,1026,16.91054,1,22.97975,1
1677142478346,294,960,16.79649,1,22.89662,1
1677142478354,300,1002,16.77876,1,23.12436,1
1677142478360,309,1017,16.61908,1,22.73653,1
1677142478367,291,1024,17.12048,1,23.01261,1
1677142478374,299,1041,17.34446,1,22.8305,1
1677142478381,297,1036,16.91877,1,22.85442,1
1677142478387,278,994,16.78414,1,22.82012,1
1677142478393,289,1000,17.12566,1,22.64064,1
1677142478400,288,1001,16.73421,1,22.74262,1
1677142478407,314,1014,16.78941,1,22.76627,1
1677142478413,313,1005,16.36418,1,22.65736,1
1677142478420,328,1028,16.79631,1,22.59939,1
1677142478427,299,1058,16.48995,1,22.76464,1
1677142478434,277,1066,16.51502,1,22.36717,1
1677142478441,261,1045,16.61525,1,22.50385,1
1677142478448,265,1039,16.8799,1,22.55301,1
1677142478454,322,1055,16.89521,1,22.38623,1
1677142478461,325,1059,16.94107,1,22.45372,1
1677142478467,313,1026,16.71505,1,22.45615,1
1677142478474,288,1000,16.25677,1,22.43052,1
1677142478481,295,1013,16.19182,1,22.47284,1
1677142478488,313,1064,16.40628,1,22.39792,1
1677142478494,302,1076,16.45621,1,22.38874,1
1677142478501,306,1083,16.43021,1,22.63303,1
1677142478507,320,1085,16.38851,1,22.3664,1
1677142478514,332,1057,16.86972,1,22.17946,1
1677142478521,319,1032,16.82273,1,22.08328,1
1677142478527,298,1059,16.34468,1,22.13132,1
1677142478534,271,992,16.59426,1,22.34722,1
1677142478541,266,984,15.89989,1,22.39571,1
1677142478548,186,1124,16.49435,1,22.25651,1
1677142478554,219,1183,16.46964,1,22.23954,1
1677142478561,227,1193,16.63693,1,22.43859,1
1677142478568,221,1189,16.58998,1,22.29576,1
1677142478574,222,1177,16.37314,1,22.24422,1
1677142478581,214,1167,16.47561,1,22.2901,1
1677142478588,251,1179,16.5882,1,22.41812,1
1677142478595,233,1159,16.31231,1,22.21507,1
1677142478601,222,1147,16.55867,1,22.35622,1
1677142478608,209,1108,16.68073,1,22.25191,1
1677142478615,201,1139,16.49132,1,21.99378,1
1677142478621,212,1151,16.16894,1,22.21283,1
1677142478628,213,1127,16.24557,1,22.09735,1
1677142478635,238,1121,16.23803,1,22.14593,1
1677142478642,244,1128,15.98831,1,22.25525,1
1677142478648,236,1121,16.77086,1,22.28361,1
1677142478655,238,1164,16.59529,1,22.18419,1
1677142478661,233,1159,16.44727,1,22.10575,1
1677142478669,240,1179,16.20696,1,22.11923,1
1677142478675,244,1147,16.11979,1,22.12811,1
1677142478682,241,1146,16.16599,1,22.25201,1
1677142478688,245,1122,16.31907,1,22.1506,1
1677142478695,211,1103,16.28727,1,22.05764,1
1677142478702,211,603,16.22429,1,22.14025,1
1677142478709,174,690,16.50328,1,22.16877,1
1677142478715,192,1194,16.39171,1,22.21165,1
1677142478722,200,1203,16.22905,1,22.19561,1
1677142478729,209,1180,16.43619,1,22.135,1
1677142478735,243,682,16.41393,1,22.07093,1
1677142478742,257,696,16.41393,1,22.14167,1
1677142478748,236,684,15.96743,1,22.02647,1
1677142478756,253,659,16.40897,1,22.07403,1
1677142478762,251,654,16.4464,1,21.9557,1
1677142478769,272,664,16.35643,1,22.06066,1
1677142478775,279,639,16.25426,1,22.08727,1
1677142478782,268,627,16.54466,1,22.13187,1
1677142478789,218,655,16.81376,1,22.13478,1
1677142478796,200,649,16.37884,1,22.27361,1
1677142478802,200,649,16.46719,1,22.28343,1
1677142478809,213,646,16.28852,1,22.38631,1
1677142478816,223,642,16.23836,1,22.31555,1
1677142478823,229,647,16.3298,1,22.24959,1
1677142478829,250,598,16.09437,1,22.21928,1
1677142478835,237,604,16.14043,1,22.46962,1
1677142478843,237,606,15.96165,1,22.31956,1
1677142478850,233,608,16.57349,1,22.44999,1
1677142478856,222,601,16.36923,1,22.31334,1
1677142478863,229,606,16.37199,1,22.15411,1
1677142478869,260,617,16.08853,1,22.69398,1
1677142478876,252,569,16.35537,1,22.49254,1
1677142478883,250,569,16.25108,1,22.6728,1
1677142478890,240,599,16.62584,1,22.555,1
1677142478896,264,596,16.19435,1,22.62762,1
1677142478903,259,587,16.69774,1,22.70938,1
1677142478910,224,587,16.54772,1,22.56407,1
1677142478916,212,1243,16.47931,1,22.6467,1
1677142478923,199,1228,16.5673,1,22.62168,1
1677142478930,224,1204,16.30184,1,22.65522,1
1677142478937,262,1180,16.46103,1,22.53315,1
1677142478943,279,1208,16.68578,1,22.49295,1
1677142478949,270,1260,16.86582,1,22.50138,1
1677142478956,256,1271,16.58375,1,22.51322,1
1677142478963,256,1269,16.85194,1,22.63585,1
1677142478970,255,1277,16.90451,1,22.55568,1
1677142478977,214,1227,16.85673,1,22.5069,1
1677142478983,201,1210,16.8561,1,22.3391,1
1677142478990,226,1198,16.84382,1,22.59817,1
1677142478997,233,1201,16.57992,1,22.561,1
1677142479003,245,1220,16.31773,1,22.33342,1
1677142479010,252,1215,16.46419,1,22.51071,1
1677142479016,260,1234,16.46419,1,22.45193,1
1677142479023,265,1241,16.5411,1,22.4914,1
1677142479030,286,1247,17.02784,1,22.43493,1
1677142479037,268,1242,16.77173,1,22.48462,1
1677142479044,253,1217,16.54394,1,22.18073,1
1677142479050,225,1208,16.84382,1,22.61724,1
1677142479057,210,1181,16.84606,1,22.58554,1
1677142479064,209,1181,16.71655,1,22.69915,1
1677142479070,241,1212,16.77085,1,22.56858,1
1677142479077,277,1247,16.52515,1,22.44782,1
1677142479083,297,1277,15.65384,1,22.26414,1
1677142479090,281,1291,16.76032,1,22.75052,1
1677142479097,305,1297,16.71689,1,22.46137,1
1677142479104,300,1290,16.58179,1,22.50114,1
1677142479110,303,1300,16.7454,1,22.50343,1
1677142479117,244,1298,16.95668,1,22.38034,1
1677142479123,229,1274,16.55642,1,22.47224,1
1677142479130,240,1280,16.55777,1,22.56343,1
1677142479137,195,1221,16.61537,1,22.6121,1
1677142479144,179,1198,16.54522,1,22.32545,1
1677142479151,164,1190,16.77162,1,22.85036,1
1677142479157,193,1199,16.69338,1,22.65898,1
1677142479164,195,1204,16.74381,1,22.53426,1
1677142479171,203,1234,16.83098,1,22.49105,1
1677142479178,229,1207,16.88476,1,22.49301,1
1677142479184,244,1229,16.88476,1,22.47197,1
1677142479190,256,1235,16.83441,1,22.51941,1
1677142479197,257,1288,16.75602,1,22.56416,1
1677142479204,268,1302,16.59163,1,22.48478,1
1677142479211,240,1301,17.07975,1,22.49391,1
1677142479218,271,1282,16.71199,1,22.42386,1
1677142479224,273,1286,16.51999,1,22.58849,1
1677142479231,291,1315,16.44971,1,22.54518,1
1677142479238,286,1312,16.57182,1,22.49335,1
1677142479245,284,1309,16.85748,1,22.48028,1
1677142479251,261,1294,16.70583,1,22.72255,1
1677142479258,234,1294,16.81545,1,22.35446,1
1677142479265,218,1274,16.78176,1,22.57336,1
1677142479271,259,1234,16.86854,1,22.70323,1
1677142479278,260,1210,16.60815,1,22.72932,1
1677142479285,262,1211,16.71657,1,22.75929,1
1677142479291,245,1199,16.42173,1,22.54634,1
1677142479298,243,1248,16.4204,1,22.58361,1
1677142479304,250,1259,16.63971,1,22.58361,1
1677142479312,250,1297,16.89744,1,22.64042,1
1677142479318,249,1301,16.88531,1,22.59572,1
1677142479325,255,1309,16.89744,1,22.58728,1
1677142479331,253,1252,16.96224,1,22.94377,1
1677142479338,259,1233,16.84052,1,22.90256,1
1677142479345,257,1228,16.95229,1,22.85528,1
1677142479352,240,1243,16.68949,1,22.8427,1
1677142479358,239,1236,16.64941,1,22.7353,1
1677142479365,233,1227,16.64396,1,22.7353,1
1677142479372,289,1254,16.57533,1,22.85261,1
1677142479378,327,1279,16.53254,1,22.89186,1
1677142479385,326,1280,16.97252,1,22.89706,1
1677142479392,308,1282,16.78171,1,22.6775,1
1677142479399,255,1269,16.93238,1,22.8824,1
1677142479405,255,1269,17.21819,1,22.76393,1
1677142479412,272,1326,16.99502,1,23.03844,1
1677142479418,236,1256,16.87061,1,22.89667,1
1677142479425,228,1244,16.65895,1,22.82712,1
1677142479432,234,1247,16.53774,1,22.89492,1
1677142479438,245,1222,16.63366,1,22.81977,1
1677142479445,243,1218,16.52127,1,22.81421,1
1677142479452,254,1249,16.77758,1,23.08219,1
1677142479459,252,1250,16.7263,1,22.96066,1
1677142479466,256,1256,16.82713,1,22.83047,1
1677142479472,259,1284,16.4924,1,23.02033,1
1677142479479,279,1297,16.74384,1,22.95613,1
1677142479486,284,1303,16.56283,1,22.80455,1
1677142479492,278,1261,16.38613,1,22.85778,1
1677142479499,283,1221,16.56328,1,22.99262,1
1677142479506,285,1226,16.56283,1,23.0071,1
1677142479512,299,1260,16.38613,1,23.06989,1
1677142479519,312,1243,16.42452,1,22.88857,1
1677142479526,315,1246,16.36227,1,22.71124,1
1677142479533,303,1248,16.19076,1,22.97859,1
1677142479539,298,1238,16.64546,1,22.79905,1
1677142479546,293,1230,16.5297,1,22.8405,1
1677142479552,284,1280,16.65129,1,22.91985,1
1677142479559,277,1251,16.65129,1,22.84556,1
1677142479566,277,1251,16.65129,1,22.74841,1
1677142479573,261,1309,16.65129,1,22.65364,1
1677142479579,256,1272,16.77709,1,22.5036,1
1677142479586,260,1281,16.65129,1,22.5593,1
1677142479593,300,1278,16.74533,1,22.56605,1
1677142479599,278,1326,16.7381,1,22.50294,1
1677142479606,284,1333,16.7552,1,22.47452,1
1677142479613,287,1312,16.97836,1,22.4722,1
1677142479620,306,1309,16.33669,1,22.52013,1
1677142479626,296,1295,16.1798,1,22.37587,1
1677142479633,297,1275,16.26368,1,22.32924,1
1677142479639,283,1307,16.4224,1,22.46984,1
1677142479647,279,1304,16.47017,1,22.40091,1
1677142479653,286,1297,16.09327,1,22.41034,1
1677142479661,288,1294,16.10086,1,22.28552,1
1677142479667,290,1306,16.04331,1,22.30655,1
1677142479673,280,1300,16.47325,1,22.06401,1
1677142479680,286,1295,16.27448,1,22.20702,1
1677142479686,297,599,16.43774,1,22.10556,1
1677142479694,302,617,16.48986,1,22.27283,1
1677142479700,315,1359,16.19807,1,22.0012,1
1677142479706,319,1366,15.99626,1,22.11423,1
1677142479713,305,1350,16.22918,1,22.06231,1
1677142479720,313,592,16.14353,1,21.91643,1
1677142479727,309,585,16.57336,1,21.9255,1
1677142479734,295,578,16.57965,1,21.98895,1
1677142479740,289,599,16.27187,1,22.00904,1
1677142479747,284,1475,16.21528,1,22.15486,1
1677142479753,300,1448,15.978,1,21.78698,1
1677142479760,297,1439,16.07162,1,21.7558,1
1677142479767,297,557,16.32101,1,21.67481,1
1677142479773,300,556,16.2489,1,21.72506,1
1677142479780,298,551,15.95798,1,21.76411,1
1677142479787,302,558,16.06843,1,21.9011,1
1677142479794,314,560,16.10145,1,21.86674,1
1677142479801,317,584,15.50861,1,21.55794,1
1677142479807,321,591,15.82546,1,21.51102,1
1677142479814,303,554,15.72107,1,21.61317,1
1677142479820,298,584,16.09223,1,21.68614,1
1677142479827,293,576,16.24832,1,21.56084,1
1677142479834,311,526,15.7022,1,21.64973,1
1677142479841,307,505,15.38556,1,21.61294,1
1677142479847,300,494,15.62315,1,21.6669,1
1677142479853,310,473,16.1229,1,21.81561,1
1677142479861,330,495,15.92817,1,21.90078,1
1677142479867,337,508,15.65844,1,21.71627,1
1677142479874,351,518,15.39168,1,21.47964,1
1677142479881,289,514,15.35108,1,21.5384,1
1677142479887,282,500,15.15731,1,21.24197,1
1677142479895,259,481,15.20129,1,21.62901,1
1677142479901,267,472,15.9533,1,21.46194,1
1677142479907,251,444,15.84712,1,21.04421,1
1677142479914,248,1631,15.54486,1,21.7285,1
1677142479921,220,1707,16.06037,1,22.20292,1
1677142479927,228,1722,15.28553,1,21.92766,1
1677142479934,233,1883,15.98361,1,22.10433,1
1677142479941,263,1944,15.57612,1,22.03565,1
1677142479948,271,1951,16.01996,1,21.83256,1
1677142479954,247,1967,16.12317,1,22.20736,1
1677142479961,265,1935,16.18524,1,21.9261,1
1677142479968,257,1929,16.19597,1,21.83419,1
1677142479975,268,1928,16.1256,1,21.96737,1
1677142479982,290,1911,16.10971,1,21.83629,1
1677142479989,304,1927,16.2115,1,21.99559,1
1677142479994,303,1941,16.06911,1,21.80711,1
1677142480001,306,1949,16.30507,1,21.87347,1
1677142480008,311,1953,15.96264,1,21.88086,1
1677142480015,316,1950,15.78641,1,22.20635,1
1677142480022,303,1962,15.83989,1,21.92486,1
1677142480028,303,1962,16.02015,1,21.89853,1
1677142480035,301,1943,15.86443,1,21.85636,1
1677142480042,301,1935,15.86443,1,21.84095,1
1677142480048,301,1935,15.97477,1,21.73627,1
1677142480055,299,1940,16.1352,1,21.96242,1
1677142480062,297,1944,16.08659,1,22.01765,1
1677142480068,297,1944,16.08659,1,22.07242,1
1677142480075,297,1966,15.99506,1,22.02523,1
1677142480082,293,1944,15.99506,1,21.96737,1
1677142480089,293,1944,16.08072,1,21.94012,1
1677142480095,288,1937,16.00695,1,22.05839,1
1677142480102,300,1949,15.97791,1,22.05363,1
1677142480108,300,1949,15.97791,1,22.04524,1
1677142480115,297,1970,16.24422,1,22.11201,1
1677142480122,283,1961,15.85287,1,22.11201,1
1677142480129,283,1961,15.86803,1,22.10395,1
1677142480135,297,1960,15.96794,1,22.36047,1
1677142480142,293,1981,15.79799,1,22.2243,1
1677142480149,293,1981,15.89918,1,22.18288,1
1677142480155,307,1896,16.50303,1,22.087,1
1677142480162,312,1882,16.24332,1,22.11863,1
1677142480169,310,1879,15.99551,1,22.07793,1
1677142480175,326,1912,16.30403,1,22.2929,1
1677142480182,294,1908,15.92182,1,22.24739,1
1677142480189,287,1899,15.9557,1,22.26214,1
1677142480196,282,1870,16.42032,1,22.3216,1
1677142480204,304,1870,16.51794,1,22.15961,1
1677142480209,291,1855,16.52194,1,22.15749,1
1677142480215,250,1879,16.23359,1,22.13348,1
1677142480222,229,1882,16.21085,1,22.13833,1
1677142480229,226,1881,16.19861,1,22.1075,1
1677142480236,218,1896,16.5646,1,22.45239,1
1677142480243,227,1904,16.5646,1,22.43973,1
1677142480249,238,1915,16.24585,1,22.44064,1
1677142480256,255,1935,16.56343,1,22.52816,1
1677142480262,272,1915,16.52092,1,22.50152,1
1677142480269,278,1921,16.52092,1,22.66435,1
1677142480276,274,1889,16.60589,1,22.60935,1
1677142480283,252,1907,16.55979,1,22.663,1
1677142480289,252,1907,16.55979,1,22.663,1
1677142480296,247,1898,16.45216,1,22.63905,1
1677142480303,251,1869,16.43087,1,22.66745,1
1677142480310,249,1866,16.2722,1,22.72231,1
1677142480316,245,1868,16.33133,1,22.70358,1
1677142480322,243,1891,16.25229,1,22.61118,1
1677142480329,235,1882,16.24939,1,22.62794,1
1677142480336,234,1838,16.26172,1,22.49613,1
1677142480343,228,1853,16.29241,1,22.60539,1
1677142480350,222,1847,16.24667,1,22.66668,1
1677142480356,222,1818,16.16394,1,22.63894,1
1677142480363,225,1829,16.42277,1,22.59347,1
1677142480370,230,1835,16.45648,1,22.58493,1
1677142480377,249,1848,16.3894,1,22.55968,1
1677142480383,249,1846,16.28698,1,22.47137,1
1677142480390,254,1851,16.24439,1,22.47316,1
1677142480396,253,1843,16.231,1,22.52016,1
1677142480403,251,1841,16.10901,1,22.34837,1
1677142480410,251,1841,16.21354,1,22.28469,1
1677142480417,268,1848,15.96934,1,22.28986,1
1677142480424,277,1822,16.04872,1,22.28752,1
1677142480430,281,1830,15.99379,1,22.23218,1
1677142480437,281,1873,16.33184,1,22.15946,1
1677142480444,304,1848,16.3966,1,22.12742,1
1677142480450,304,1848,16.29666,1,22.09339,1
1677142480457,277,1878,16.27477,1,22.04303,1
1677142480464,242,1872,16.01485,1,21.87758,1
1677142480470,231,1860,16.03091,1,21.81087,1
1677142480477,236,1859,16.03594,1,21.92429,1
1677142480484,256,1840,16.03594,1,22.05548,1
1677142480491,260,1843,15.99765,1,22.00145,1
1677142480497,260,1854,16.05734,1,22.08245,1
1677142480504,266,1845,15.98992,1,21.79758,1
1677142480510,271,1852,15.73972,1,21.71927,1
1677142480517,244,1850,15.73972,1,21.72872,1
1677142480524,274,1871,15.52791,1,21.8078,1
1677142480531,277,1872,15.66166,1,21.77823,1
1677142480537,273,1860,15.82515,1,21.85785,1
1677142480544,278,1858,15.89192,1,21.72388,1
1677142480551,272,1851,15.89688,1,21.71493,1
1677142480557,279,1864,15.65259,1,21.48599,1
1677142480564,276,1866,15.84634,1,21.50791,1
1677142480571,276,1866,15.83517,1,21.35451,1
1677142480578,252,1875,15.32987,1,21.497,1
1677142480584,258,1929,15.53191,1,21.43007,1
1677142480591,251,1925,15.58847,1,21.57689,1
1677142480597,232,1961,15.623,1,21.65844,1
1677142480604,254,1956,15.3778,1,21.50781,1
1677142480611,254,1956,15.3354,1,21.67796,1
1677142480618,258,1944,15.5891,1,21.44844,1
1677142480625,255,1955,15.60218,1,21.43087,1
1677142480631,255,1955,15.60218,1,21.2184,1
1677142480640,249,1945,15.5891,1,21.15796,1
1677142480646,287,1956,15.58266,1,21.2009,1
1677142480651,293,1961,15.5891,1,21.10561,1
1677142480658,298,1955,15.76522,1,21.18996,1
1677142480665,283,1965,15.76683,1,21.25783,1
1677142480671,283,1965,15.76683,1,21.17626,1
1677142480678,269,1995,15.60144,1,21.17361,1
1677142480684,259,1982,15.42227,1,21.2224,1
1677142480691,248,1971,15.68854,1,21.18309,1
1677142480698,194,1953,15.70628,1,21.22169,1
1677142480705,205,1951,15.58168,1,21.2917,1
1677142480711,194,1942,15.58168,1,21.26555,1
1677142480718,203,1942,15.58658,1,21.32947,1
1677142480725,189,1921,15.45969,1,21.16221,1
1677142480732,189,1921,15.45969,1,21.17339,1
1677142480738,200,1964,15.51163,1,21.12725,1
1677142480745,167,2024,15.41922,1,21.10712,1
1677142480751,169,2027,15.42522,1,21.1139,1
1677142480758,182,2017,15.64148,1,21.17254,1
1677142480765,187,2022,15.40997,1,21.09436,1
1677142480772,196,2028,15.61237,1,21.32926,1
1677142480779,221,2025,15.3955,1,21.38322,1
1677142480785,188,2026,15.37145,1,21.27948,1
1677142480792,194,2030,15.27318,1,21.20243,1
1677142480798,243,2017,15.34817,1,21.24277,1
1677142480805,239,2016,15.35943,1,21.25375,1
1677142480812,237,2014,15.339,1,21.40242,1
1677142480819,261,2013,15.339,1,21.36141,1
1677142480825,251,1998,15.32779,1,21.34631,1
1677142480832,250,1995,15.28105,1,21.33862,1
1677142480839,251,2002,15.12428,1,21.41566,1
1677142480845,241,2007,14.94289,1,21.46518,1
1677142480852,246,2010,15.1717,1,21.41905,1
1677142480859,267,1956,15.22437,1,21.21197,1
1677142480865,247,1961,15.75276,1,21.27195,1
1677142480872,256,1971,15.31676,1,21.20446,1
1677142480879,257,2028,15.73689,1,21.37796,1
1677142480886,282,2017,15.20286,1,21.27262,1
1677142480892,288,2022,15.33459,1,21.27683,1
1677142480899,239,2029,15.33459,1,21.42815,1
1677142480905,264,2042,15.22737,1,21.45786,1
1677142480912,253,2034,15.171,1,21.38636,1
1677142480919,259,1962,15.59075,1,21.52603,1
1677142480926,251,1962,15.68545,1,21.45653,1
1677142480932,246,1956,15.72735,1,21.54459,1
1677142480939,269,1979,15.11486,1,21.24955,1
1677142480946,235,1980,15.12557,1,21.31382,1
1677142480953,235,1980,15.15489,1,21.25754,1
1677142480959,266,1982,15.57002,1,21.47584,1
1677142480966,266,1966,15.57742,1,21.34844,1
1677142480972,275,1977,15.35706,1,21.39699,1
1677142480979,259,1990,15.26642,1,21.48715,1
1677142480986,248,1979,15.25449,1,21.30131,1
1677142480993,259,1989,15.55831,1,21.25116,1
1677142481000,263,2086,15.5753,1,20.95609,1
1677142481006,279,2114,15.65861,1,20.92819,1
1677142481013,277,2112,15.35136,1,21.03851,1
1677142481020,251,2132,15.7197,1,20.88929,1
1677142481026,257,922,15.67859,1,20.89845,1
1677142481033,242,915,15.67859,1,20.90769,1
1677142481039,249,922,15.71481,1,20.91298,1
1677142481047,268,2115,15.63732,1,20.73828,1
1677142481053,268,2115,15.66107,1,20.63578,1
1677142481060,267,2106,14.71831,1,20.6382,1
1677142481066,233,913,14.76826,1,20.79061,1
1677142481073,243,917,15.04749,1,20.90366,1
1677142481081,215,885,15.11725,1,20.89712,1
1677142481086,250,924,15.26068,1,20.77532,1
1677142481093,248,922,15.26068,1,20.80753,1
1677142481100,237,928,15.57405,1,20.6161,1
1677142481107,299,930,15.38795,1,20.44805,1
1677142481113,285,923,15.38344,1,20.50518,1
1677142481120,256,915,15.61834,1,20.51861,1
1677142481126,228,941,15.55498,1,20.53348,1
1677142481133,236,946,15.11823,1,20.60091,1
1677142481140,234,954,15.20642,1,20.37083,1
1677142481147,232,959,15.00422,1,20.38291,1
1677142481154,250,967,14.97259,1,20.50272,1
1677142481160,260,964,15.28176,1,20.63766,1
1677142481167,253,953,15.28959,1,20.51578,1
1677142481174,248,950,15.31885,1,20.51943,1
1677142481180,235,949,15.28506,1,20.35864,1
1677142481187,225,940,15.56997,1,20.24509,1
1677142481194,219,937,15.39145,1,20.07542,1
1677142481200,235,946,15.36897,1,20.35286,1
1677142481207,239,957,15.23822,1,20.22009,1
1677142481214,244,960,15.4513,1,20.33741,1
1677142481221,266,954,15.33108,1,20.30108,1
1677142481227,272,965,15.16935,1,20.18497,1
1677142481234,277,1968,15.14936,1,20.32431,1
1677142481241,283,1969,14.90413,1,20.29216,1
1677142481247,270,1989,14.90163,1,20.19724,1
1677142481254,270,1989,14.92654,1,20.41407,1
1677142481261,301,1938,15.09657,1,20.48235,1
1677142481267,293,1936,15.00281,1,20.45168,1
1677142481274,293,1936,15.11856,1,20.20662,1
1677142481281,284,1948,14.8993,1,20.15427,1
1677142481287,289,1949,14.89817,1,20.28292,1
1677142481295,284,1944,14.81718,1,20.21455,1
1677142481301,283,1920,14.93018,1,20.30936,1
1677142481308,275,1925,14.91716,1,20.22105,1
1677142481314,259,1916,14.96059,1,20.35007,1
1677142481321,235,1910,14.74261,1,20.25512,1
1677142481328,227,1898,14.6974,1,20.12907,1
1677142481335,227,1898,14.48232,1,20.05519,1
1677142481341,224,1906,14.75169,1,20.16682,1
1677142481348,233,1902,14.70729,1,20.09736,1
1677142481355,241,1907,14.63723,1,20.31599,1
1677142481361,247,1919,14.56491,1,20.31322,1
1677142481368,273,1882,14.95137,1,20.4514,1
1677142481374,276,1883,15.29857,1,20.73377,1
1677142481381,362,1637,14.31899,1,20.00695,1
1677142481388,331,1515,14.21185,1,19.07894,1
1677142481395,326,1507,14.66139,1,20.41245,1
1677142481401,338,1323,15.59174,1,18.94985,1
1677142481408,363,1242,15.51255,1,18.74423,1
1677142481414,365,1248,15.24843,1,18.69625,1
1677142481422,333,289,15.4431,1,19.56796,1
1677142481428,347,306,15.51707,1,19.58991,1
1677142481435,350,1305,15.3571,1,19.6981,1
1677142481442,348,1302,15.41622,1,19.15262,1
1677142481448,339,1286,15.55024,1,19.17521,1
1677142481455,331,1265,15.26724,1,19.01701,1
1677142481461,336,1241,15.03501,1,19.52407,1
1677142481468,320,1208,15.48225,1,18.99092,1
1677142481475,320,1211,15.10519,1,19.33579,1
1677142481481,337,1199,15.41052,1,19.32434,1
1677142481489,359,1243,15.20516,1,19.50851,1
1677142481495,370,1273,15.05305,1,19.48045,1
1677142481502,374,334,14.97386,1,19.46694,1
1677142481509,377,340,15.05305,1,19.55033,1
1677142481515,381,349,15.05305,1,19.41942,1
1677142481522,391,363,15.34748,1,19.43563,1
1677142481529,390,364,15.34275,1,19.63161,1
1677142481535,390,1170,15.34275,1,19.45358,1
1677142481542,375,1183,15.43702,1,19.30229,1
1677142481548,392,1181,15.33862,1,19.55899,1
1677142481555,388,363,15.33862,1,19.2706,1
1677142481562,374,350,15.33862,1,19.61752,1
1677142481569,365,341,15.12461,1,19.64133,1
1677142481576,359,327,14.93075,1,19.64133,1
1677142481582,357,374,14.73592,1,19.63987,1
1677142481589,366,361,14.96108,1,19.47281,1
1677142481596,370,371,15.47105,1,19.39191,1
1677142481602,391,408,15.24975,1,19.28213,1
1677142481609,368,410,15.01597,1,19.33119,1
1677142481616,364,1001,14.76637,1,19.43086,1
1677142481622,348,958,15.18477,1,19.60472,1
1677142481629,352,958,15.19306,1,19.61082,1
1677142481636,350,954,15.14498,1,19.6907,1
1677142481643,345,987,15.356,1,19.44175,1
1677142481649,354,990,15.07083,1,19.32286,1
1677142481656,361,1007,15.21309,1,19.41461,1
1677142481663,363,1045,14.54244,1,19.48153,1
1677142481669,366,1065,14.90238,1,19.29764,1
1677142481676,370,1073,15.06137,1,19.43838,1
1677142481683,366,1085,14.87083,1,19.90237,1
1677142481690,360,1095,15.30703,1,19.94989,1
1677142481696,360,1095,14.71797,1,19.97647,1
1677142481702,356,1073,15.11693,1,19.84371,1
1677142481709,368,1069,15.62678,1,19.82986,1
1677142481716,366,1064,15.75226,1,19.74376,1
1677142481723,370,1096,15.55224,1,19.81255,1
1677142481730,357,1063,15.67241,1,19.84123,1
1677142481736,351,1049,15.18658,1,19.93331,1
1677142481743,323,1055,15.61827,1,19.99396,1
1677142481750,329,1056,15.52249,1,19.8381,1
1677142481756,320,1039,15.45384,1,19.82586,1
1677142481763,300,1002,15.60527,1,20.05692,1
1677142481770,286,966,15.39099,1,20.03674,1
1677142481777,283,964,15.81559,1,19.94954,1
1677142481783,312,973,15.32832,1,20.03674,1
1677142481790,304,997,15.48942,1,20.14599,1
1677142481797,305,1002,15.38732,1,20.04023,1
1677142481803,358,958,15.73215,1,20.06069,1
1677142481810,350,1005,15.68265,1,20.06069,1
1677142481816,354,1013,15.47457,1,20.10079,1
1677142481823,356,1000,15.62916,1,20.25439,1
1677142481830,353,1002,15.65479,1,20.29025,1
1677142481837,361,1020,15.56607,1,20.29397,1
1677142481844,361,1032,15.6529,1,20.68025,1
1677142481850,361,1036,15.72,1,20.68025,1
1677142481857,365,1044,15.70902,1,20.84678,1
1677142481863,364,1074,15.71124,1,20.90715,1
1677142481870,361,1087,15.35095,1,20.84809,1
1677142481877,361,1087,15.49223,1,20.62459,1
1677142481884,365,1070,15.55128,1,20.50039,1
1677142481890,362,1090,15.59357,1,20.6849,1
1677142481897,357,1078,15.84366,1,20.70775,1
1677142481904,341,1058,15.78129,1,20.85279,1
1677142481911,326,1088,15.793,1,20.63724,1
1677142481917,316,1068,15.70235,1,20.75289,1
1677142481924,291,996,15.74354,1,20.84785,1
1677142481930,303,992,16.03021,1,20.96271,1
1677142481937,302,992,15.85354,1,21.14743,1
1677142481944,357,1020,15.6553,1,21.03536,1
1677142481950,354,1036,15.58592,1,21.35728,1
1677142481957,366,1061,15.62828,1,21.04184,1
1677142481964,377,1063,16.23708,1,21.46209,1
1677142481971,372,1089,16.2201,1,21.50898,1
1677142481977,376,1096,15.8921,1,21.30705,1
1677142481984,377,1108,16.42108,1,21.53987,1
1677142481991,373,1100,16.17694,1,21.48961,1
1677142481998,373,1100,16.3175,1,21.20599,1
1677142482004,384,1113,16.26423,1,21.93126,1
1677142482011,384,1102,16.1306,1,21.87334,1
1677142482017,384,1102,16.09585,1,21.79773,1
1677142482024,379,1108,16.15974,1,21.77919,1
1677142482031,378,1118,16.22066,1,21.74501,1
1677142482038,375,1111,16.18463,1,21.77782,1
1677142482045,370,1078,16.37614,1,21.90696,1
1677142482051,373,1066,16.37614,1,21.14416,1
1677142482058,369,1058,16.30123,1,21.17612,1
1677142482064,366,1067,16.45595,1,21.66374,1
1677142482071,355,1056,16.31468,1,21.21771,1
1677142482078,350,1046,16.31468,1,21.70965,1
1677142482084,354,1044,16.31632,1,22.06886,1
1677142482091,348,1046,16.43846,1,21.71357,1
1677142482098,348,1046,16.31268,1,21.33542,1
1677142482105,333,1044,16.37947,1,21.84473,1
1677142482111,342,1065,16.40783,1,21.65018,1
1677142482118,347,1074,16.30957,1,21.24886,1
1677142482125,354,1058,16.0717,1,21.24886,1
1677142482131,358,1048,16.02799,1,21.57269,1
1677142482138,358,1048,16.04771,1,21.84052,1
1677142482144,344,1061,16.12171,1,21.71013,1
1677142482152,361,1068,16.11131,1,21.66387,1
1677142482158,356,1059,16.41449,1,21.48202,1
1677142482165,321,1039,16.49439,1,21.36764,1
1677142482172,298,1036,16.05824,1,21.37755,1
1677142482178,298,1036,16.05824,1,21.2634,1
1677142482187,310,1035,15.83185,1,21.20796,1
1677142482192,305,1032,16.02082,1,21.19653,1
1677142482199,305,1032,16.3459,1,21.6957,1
1677142482205,336,1060,16.07076,1,21.24476,1
1677142482212,284,1008,16.28906,1,21.35132,1
1677142482219,279,998,16.48679,1,21.32404,1
1677142482225,271,1011,16.36316,1,21.18484,1
1677142482232,272,1004,15.76769,1,21.26066,1
1677142482238,277,1014,15.70616,1,21.27761,1
1677142482245,284,1007,15.56676,1,21.18095,1
1677142482252,288,1051,15.10573,1,20.85436,1
1677142482259,294,1058,15.71351,1,20.75113,1
1677142482266,323,1049,15.94048,1,20.81811,1
1677142482272,335,1031,15.48605,1,20.84565,1
1677142482279,332,1027,15.7137,1,20.64635,1
1677142482286,327,1048,15.60406,1,20.39676,1
1677142482293,308,1067,15.28427,1,20.39588,1
1677142482299,306,409,15.56754,1,20.66241,1
1677142482305,261,431,15.34118,1,20.51965,1
1677142482312,273,462,15.44394,1,20.48853,1
1677142482319,273,462,15.9238,1,20.71353,1
1677142482326,271,459,16.14733,1,20.70585,1
1677142482333,284,419,15.85828,1,20.60734,1
1677142482339,289,426,15.53795,1,20.57331,1
1677142482346,303,433,15.81291,1,20.79077,1
1677142482352,296,411,15.10741,1,20.70463,1
1677142482359,295,412,15.07504,1,20.52128,1
1677142482366,311,424,15.13708,1,20.51744,1
1677142482373,328,474,15.38627,1,20.21568,1
1677142482379,328,474,15.26442,1,20.32513,1
1677142482386,289,431,15.60747,1,20.42965,1
1677142482394,261,426,15.45856,1,20.34607,1
1677142482400,255,2013,15.6432,1,20.25111,1
1677142482406,267,2004,15.49719,1,20.28608,1
1677142482413,296,2007,15.33286,1,20.32533,1
1677142482419,297,2008,15.33773,1,20.41413,1
1677142482426,263,1999,15.08551,1,20.31267,1
1677142482433,275,1978,14.6227,1,20.38494,1
1677142482440,277,1980,14.99601,1,20.2636,1
1677142482446,289,1969,15.09355,1,20.32138,1
1677142482453,295,1983,14.76729,1,19.95535,1
1677142482459,295,1982,14.76729,1,19.96144,1
1677142482466,285,2007,14.87928,1,20.4169,1
1677142482473,295,1994,15.38038,1,20.63082,1
1677142482480,299,2003,14.91956,1,20.33941,1
1677142482486,258,2194,15.41303,1,21.09469,1
1677142482493,298,2304,15.25478,1,21.23565,1
1677142482500,304,2310,15.44693,1,20.96649,1
1677142482507,233,2352,15.55198,1,21.05093,1
1677142482513,285,2358,15.58658,1,20.99615,1
1677142482520,278,2350,15.68711,1,21.12658,1
1677142482526,234,2324,15.63587,1,21.0301,1
1677142482533,265,2344,15.75766,1,20.88783,1
1677142482540,262,2342,15.64619,1,20.92238,1
1677142482547,252,2342,15.63987,1,20.86955,1
1677142482554,258,2352,15.67199,1,20.92711,1
1677142482560,263,2357,15.66771,1,20.90535,1
1677142482567,272,2336,15.90071,1,20.79984,1
1677142482574,264,2331,15.66771,1,20.76023,1
1677142482580,262,2327,15.75517,1,20.8986,1
1677142482587,227,2335,15.6675,1,20.92477,1
1677142482594,229,2337,15.57553,1,21.12684,1
1677142482600,227,2334,15.33223,1,21.17287,1
1677142482607,227,2343,15.43202,1,21.181,1
1677142482614,230,2341,15.67984,1,20.75565,1
1677142482620,234,2347,15.45663,1,20.94363,1
1677142482627,266,2361,15.87852,1,21.10465,1
1677142482634,265,2340,15.78679,1,21.2479,1
1677142482641,276,2351,15.83517,1,21.24126,1
1677142482647,300,2352,15.70422,1,21.20039,1
1677142482654,297,2368,15.81008,1,21.22076,1
1677142482661,288,2357,15.87658,1,21.26777,1
1677142482668,260,2355,16.13976,1,21.18996,1
1677142482674,257,2326,15.90673,1,21.18213,1
1677142482681,241,2311,16.04692,1,21.2009,1
1677142482688,212,2319,16.11427,1,21.48811,1
1677142482694,181,2330,16.1861,1,21.43219,1
1677142482701,175,2325,15.9502,1,21.35384,1
1677142482707,196,2293,16.10771,1,21.38058,1
1677142482714,221,2341,16.09468,1,21.26494,1
1677142482721,230,2352,15.73346,1,21.28063,1
1677142482728,210,2351,15.79381,1,21.34494,1
1677142482734,236,2344,15.73506,1,21.44798,1
1677142482741,259,2365,15.95407,1,21.55985,1
1677142482747,280,2339,15.96485,1,21.27695,1
1677142482754,268,2332,15.80329,1,21.29714,1
1677142482761,268,2332,15.61454,1,21.29765,1
1677142482768,289,2329,15.55131,1,21.59553,1
1677142482775,285,2334,15.37503,1,21.34473,1
1677142482781,283,2331,15.33815,1,21.5159,1
1677142482788,292,2331,15.37257,1,21.45732,1
1677142482794,290,2330,15.29546,1,21.44311,1
1677142482801,272,2310,15.58829,1,21.44311,1
1677142482808,220,2257,16.15031,1,21.29515,1
1677142482815,164,2285,16.08765,1,21.35451,1
1677142482822,146,2269,16.03511,1,21.23892,1
1677142482828,188,2248,15.95322,1,21.4574,1
1677142482835,191,2218,15.8298,1,21.48624,1
1677142482841,206,2237,15.9697,1,21.3293,1
1677142482848,253,2240,15.80889,1,21.49393,1
1677142482855,277,2265,15.84287,1,21.79523,1
1677142482862,298,2290,15.79861,1,21.93955,1
1677142482868,313,2277,15.62039,1,21.5005,1
1677142482875,322,2272,15.55599,1,21.33274,1
1677142482882,322,2272,15.71202,1,21.35995,1
1677142482889,321,2275,15.76743,1,21.6164,1
1677142482895,328,2279,15.59785,1,21.52148,1
1677142482902,326,2275,15.74775,1,21.49823,1
1677142482908,304,2262,15.63318,1,21.52647,1
1677142482915,314,2250,15.64835,1,21.45263,1
1677142482922,309,2244,15.64835,1,21.34581,1
1677142482929,294,2241,15.73276,1,21.48891,1
1677142482937,302,2248,15.69344,1,21.32077,1
1677142482943,302,2248,15.49152,1,21.32077,1
1677142482949,278,2258,15.61437,1,21.46183,1
1677142482955,271,2252,15.55373,1,21.45672,1
1677142482962,271,2252,15.55373,1,21.45708,1
1677142482969,299,2254,15.67804,1,21.3714,1
1677142482976,304,2261,15.60898,1,21.39875,1
1677142482982,304,2261,15.49056,1,21.37104,1
1677142482989,264,2260,15.77775,1,21.39875,1
1677142482996,243,2269,15.58031,1,21.54473,1
1677142483003,243,2269,15.55188,1,21.39875,1
1677142483009,278,2286,15.62656,1,21.36619,1
1677142483016,272,2274,15.52092,1,21.25456,1
1677142483023,274,2277,15.45701,1,21.19581,1
1677142483029,271,2306,15.68344,1,21.2825,1
1677142483036,280,2311,15.58088,1,20.99806,1
1677142483042,274,2305,15.49819,1,21.0709,1
1677142483050,241,2289,15.30653,1,21.32606,1
1677142483056,248,2282,15.1714,1,20.95028,1
1677142483062,246,2278,15.25978,1,20.95396,1
1677142483069,228,2277,15.12629,1,21.09745,1
1677142483076,228,2236,15.10174,1,20.66649,1
1677142483083,237,2247,15.22977,1,20.83149,1
1677142483089,254,2275,15.39041,1,20.91874,1
1677142483096,240,2287,15.5158,1,20.77222,1
1677142483103,240,2287,15.40176,1,20.71459,1
1677142483109,215,2279,15.63853,1,20.86355,1
1677142483116,267,2278,15.65407,1,20.5499,1
1677142483123,262,2270,14.93027,1,20.82324,1
1677142483130,246,2277,15.01651,1,20.28475,1
1677142483136,243,2283,15.03452,1,20.1462,1
1677142483143,240,2280,14.62385,1,20.88989,1
1677142483151,230,2291,15.25604,1,20.58105,1
1677142483156,210,2310,14.60429,1,19.98512,1
1677142483163,207,2308,14.62367,1,20.43787,1
1677142483170,212,2309,14.49629,1,20.48871,1
1677142483176,219,2293,14.85275,1,20.03111,1
1677142483183,220,2291,15.0936,1,20.38625,1
1677142483190,239,2232,14.92251,1,20.57352,1
1677142483197,233,2234,14.7375,1,19.82875,1
1677142483203,233,2234,14.85267,1,20.58663,1
1677142483210,208,2231,14.21834,1,20.03152,1
1677142483216,208,2272,14.32064,1,19.99764,1
1677142483223,213,2278,14.08013,1,19.82978,1
1677142483230,231,2280,15.01364,1,19.81768,1
1677142483237,225,2313,15.30145,1,20.0048,1
1677142483244,234,2321,14.98311,1,19.59134,1
1677142483250,260,2423,15.34048,1,20.76124,1
1677142483257,248,2423,15.24147,1,20.42028,1
1677142483263,237,2415,15.00055,1,20.42142,1
1677142483270,207,2403,15.24488,1,20.37541,1
1677142483277,240,2385,15.16533,1,20.3155,1
1677142483284,235,2381,15.30222,1,20.31192,1
1677142483290,177,2419,15.29704,1,20.31929,1
1677142483297,207,2430,15.12286,1,20.27749,1
1677142483303,210,2433,15.01398,1,20.29448,1
1677142483310,193,2408,15.13846,1,20.26242,1
1677142483317,224,2403,14.96715,1,20.19951,1
1677142483324,234,2411,15.02976,1,20.17815,1
1677142483331,253,2406,15.13958,1,20.18956,1
1677142483337,255,2401,15.1431,1,20.27028,1
1677142483344,260,2406,15.24001,1,20.21953,1
1677142483351,262,2395,15.0656,1,20.28299,1
1677142483357,271,2409,15.24001,1,20.11387,1
1677142483364,271,2409,15.24001,1,20.18908,1
1677142483371,268,2393,15.21916,1,20.29465,1
1677142483377,267,2417,15.24001,1,20.22301,1
1677142483384,261,2413,15.06526,1,20.20362,1
1677142483391,268,2421,15.13339,1,20.11948,1
1677142483397,252,2392,15.0187,1,20.11948,1
1677142483404,246,2388,15.07868,1,20.27924,1
1677142483411,228,2390,15.22151,1,20.35023,1
1677142483418,235,2394,15.17518,1,20.48019,1
1677142483424,224,2383,15.11578,1,20.54291,1
1677142483431,228,2339,15.22049,1,20.33948,1
1677142483438,217,2343,15.22049,1,20.49687,1
1677142483444,216,2344,15.17114,1,20.48019,1
1677142483451,233,2345,15.35806,1,20.57551,1
1677142483458,265,2378,15.19874,1,20.54409,1
1677142483464,286,2397,15.32051,1,20.76273,1
1677142483471,279,2395,15.32051,1,20.50695,1
1677142483478,256,2421,15.21705,1,20.46397,1
1677142483484,250,2417,15.30567,1,20.38943,1
1677142483491,236,2373,15.40136,1,20.49781,1
1677142483498,230,2346,15.23311,1,20.45469,1
1677142483504,230,2346,15.11013,1,20.37084,1
1677142483511,246,2354,15.45833,1,20.11829,1
1677142483518,261,780,15.34937,1,20.50425,1
1677142483525,259,777,15.25053,1,20.50425,1
1677142483532,246,2376,15.22752,1,20.51528,1
1677142483538,250,2365,15.10394,1,20.41395,1
1677142483545,237,2352,14.97134,1,20.41395,1
1677142483551,246,722,15.36247,1,20.46187,1
1677142483558,234,720,15.42525,1,20.52971,1
1677142483565,233,721,15.26612,1,20.50334,1
1677142483572,276,786,15.35521,1,20.40094,1
1677142483578,256,768,15.32051,1,20.44753,1
1677142483585,271,2427,15.32051,1,20.38964,1
1677142483592,285,2425,15.19691,1,20.33736,1
1677142483600,292,788,15.22072,1,20.38445,1
1677142483606,293,786,14.95845,1,20.50243,1
1677142483612,276,769,15.15122,1,20.42369,1
1677142483619,272,750,15.16025,1,20.38493,1
1677142483625,257,735,14.74816,1,20.37215,1
1677142483632,238,696,15.04469,1,20.19445,1
1677142483639,210,678,14.73504,1,20.13445,1
1677142483645,210,680,14.73883,1,20.19596,1
1677142483652,240,693,15.07367,1,20.41786,1
1677142483659,252,678,15.15373,1,20.07308,1
1677142483666,263,690,15.24518,1,19.99088,1
1677142483672,282,767,15.2763,1,20.26035,1
1677142483679,287,759,15.17374,1,19.8877,1
1677142483686,287,759,15.14956,1,19.93571,1
1677142483692,283,768,15.06765,1,19.90219,1
1677142483699,283,747,14.66822,1,19.49828,1
1677142483706,283,747,14.93506,1,20.00101,1
1677142483712,267,709,14.91109,1,19.52667,1
1677142483719,281,688,14.79995,1,19.28766,1
1677142483726,281,688,14.61411,1,19.1351,1
1677142483732,287,677,14.97211,1,19.05215,1
1677142483739,286,683,14.91702,1,19.12761,1
1677142483746,286,2584,15.22776,1,19.10822,1
1677142483752,300,2569,15.22371,1,19.38808,1
1677142483759,307,2566,14.41673,1,19.18475,1
1677142483766,307,2566,15.06841,1,19.16359,1
1677142483772,246,2588,14.60408,1,19.29395,1
1677142483779,264,2584,14.29745,1,19.06864,1
1677142483786,260,2577,14.39975,1,19.23712,1
1677142483793,235,2559,14.65478,1,19.14427,1
1677142483800,243,2575,14.31528,1,18.95097,1
1677142483806,241,2575,14.47668,1,18.93623,1
1677142483813,271,2585,14.62044,1,19.0661,1
1677142483819,258,2586,14.40058,1,19.27327,1
1677142483826,274,2604,14.51183,1,19.47548,1
1677142483833,297,2545,14.40925,1,19.29969,1
1677142483839,308,2550,14.30934,1,19.07942,1
1677142483846,308,2550,14.6319,1,19.14058,1
1677142483853,313,2545,14.63039,1,19.27799,1
1677142483860,297,2569,14.629,1,19.26445,1
1677142483866,292,2561,14.65303,1,19.2378,1
1677142483873,305,2548,14.33035,1,19.24924,1
1677142483879,304,2552,14.35767,1,19.18776,1
1677142483887,290,2534,14.4361,1,19.19483,1
1677142483893,275,2517,14.69335,1,19.07251,1
1677142483900,236,2491,14.61452,1,19.04916,1
1677142483907,238,2496,14.60535,1,19.07251,1
1677142483913,259,2512,14.63907,1,19.07251,1
1677142483920,290,2525,14.64617,1,19.07251,1
1677142483927,297,2534,14.6974,1,19.07251,1
1677142483935,293,2509,14.75165,1,19.25776,1
1677142483940,277,2514,14.80246,1,19.25776,1
1677142483946,272,2506,14.82622,1,19.36539,1
1677142483954,246,2517,14.81579,1,19.235,1
1677142483960,267,2503,15.01272,1,19.31512,1
1677142483967,271,2511,14.51943,1,19.25249,1
1677142483974,248,2534,14.43536,1,19.42842,1
1677142483980,251,2555,14.45449,1,19.48963,1
1677142483987,257,2562,15.1748,1,19.62111,1
1677142483994,261,2566,15.19395,1,19.48613,1
1677142484001,232,2519,15.0039,1,19.51066,1
1677142484007,221,2506,15.1719,1,19.69466,1
1677142484014,236,2541,14.95299,1,19.90339,1
1677142484020,248,2557,14.45432,1,19.6099,1
1677142484027,242,2551,14.63022,1,19.29533,1
1677142484034,238,2562,14.68588,1,19.51771,1
1677142484041,231,2523,14.5739,1,19.29686,1
1677142484047,231,2523,14.48548,1,19.40951,1
1677142484054,253,2524,14.63383,1,19.46044,1
1677142484061,263,2495,14.65479,1,19.69153,1
1677142484067,263,2495,14.56883,1,20.05548,1
1677142484074,249,2483,14.622,1,20.08516,1
1677142484081,267,2473,14.72927,1,19.46424,1
1677142484088,267,2473,14.53027,1,19.76372,1
1677142484094,268,2487,14.50395,1,19.77542,1
1677142484101,267,2476,14.53712,1,19.77361,1
1677142484108,268,2475,14.71154,1,19.71726,1
1677142484114,245,2474,14.65275,1,19.82929,1
1677142484121,273,2476,14.64972,1,19.72201,1
1677142484128,268,2470,14.61069,1,19.54216,1
1677142484135,280,2449,14.74358,1,20.26333,1
1677142484141,275,2458,14.61069,1,20.18053,1
1677142484148,279,2464,14.69576,1,19.91582,1
1677142484154,278,2470,14.79278,1,19.89892,1
1677142484161,268,2470,14.65014,1,19.90852,1
1677142484168,273,2477,14.78346,1,19.843,1
1677142484175,281,2482,14.83478,1,19.75547,1
1677142484181,274,2478,14.99532,1,19.9061,1
1677142484188,274,2478,14.96715,1,19.9572,1
1677142484194,264,2481,14.86089,1,19.58136,1
1677142484201,277,2481,14.86918,1,19.72793,1
1677142484208,277,2481,14.87302,1,20.08788,1
1677142484215,277,2489,15.02941,1,19.72809,1
1677142484222,272,2402,14.20534,1,19.78477,1
1677142484228,268,2395,15.11521,1,20.2339,1
1677142484235,262,2330,14.82697,1,20.19996,1
1677142484241,255,2334,14.71311,1,20.16433,1
1677142484248,251,2326,14.45958,1,19.64005,1
1677142484255,262,2366,15.06901,1,19.97347,1
1677142484261,265,2346,15.39508,1,19.90107,1
1677142484268,267,2351,15.14657,1,19.88148,1
1677142484275,273,2360,14.97069,1,19.98359,1
1677142484282,276,2357,15.19222,1,19.9908,1
1677142484289,283,2371,15.25244,1,20.05045,1
1677142484295,277,2379,15.5344,1,19.82058,1
1677142484301,292,2401,15.40564,1,19.64129,1
1677142484308,296,2409,15.54799,1,19.78177,1
1677142484315,319,2402,15.18367,1,19.81136,1
1677142484322,314,2403,14.95934,1,19.85073,1
1677142484329,317,2406,14.917,1,19.74438,1
1677142484336,303,2411,14.40565,1,19.66867,1
1677142484342,307,2399,14.5509,1,19.67827,1
1677142484349,304,2394,14.39029,1,19.54966,1
1677142484355,320,2391,14.54714,1,19.74307,1
1677142484362,323,2378,14.89486,1,19.70987,1
1677142484369,313,2362,15.11856,1,19.73256,1
1677142484375,238,2345,14.83668,1,19.67154,1
1677142484382,249,2365,14.817,1,19.53446,1
1677142484389,255,2374,14.92292,1,19.66676,1
1677142484395,295,2358,14.99817,1,19.62121,1
1677142484402,299,2350,14.68533,1,19.59099,1
1677142484410,304,2360,14.6226,1,19.51379,1
1677142484416,305,2386,14.73545,1,19.70565,1
1677142484422,324,2385,14.5634,1,19.61697,1
1677142484429,324,2385,14.84838,1,19.61697,1
1677142484436,297,2409,14.84838,1,19.53204,1
1677142484443,307,2383,14.84838,1,19.51734,1
1677142484449,307,2383,14.77744,1,19.48681,1
1677142484456,289,2371,14.41379,1,19.58755,1
1677142484463,295,2374,14.64026,1,19.46287,1
1677142484470,295,2374,14.47043,1,19.58487,1
1677142484476,286,2374,14.68533,1,19.51455,1
1677142484484,288,2410,14.78614,1,19.5065,1
1677142484489,283,2402,14.33003,1,19.51098,1
1677142484496,275,2380,14.25113,1,19.50097,1
1677142484503,261,2391,14.50237,1,19.29251,1
1677142484510,256,2383,14.69976,1,19.37966,1
1677142484516,252,2369,14.55105,1,19.40888,1
1677142484523,226,2365,14.72055,1,19.31614,1
1677142484529,226,2365,14.72055,1,19.35347,1
1677142484536,275,2369,14.45011,1,19.45635,1
1677142484543,266,2372,14.5447,1,19.41585,1
1677142484550,266,2372,14.48947,1,19.31735,1
1677142484556,277,2340,14.88916,1,19.39677,1
1677142484563,257,2351,14.48659,1,19.22584,1
1677142484570,257,2351,14.43311,1,19.41769,1
1677142484577,340,2327,14.32646,1,19.23781,1
1677142484585,330,2329,14.77906,1,18.93189,1
1677142484590,335,2337,14.37985,1,18.96788,1
1677142484596,324,2357,14.53861,1,19.12505,1
1677142484603,342,2353,14.64981,1,19.20101,1
1677142484610,342,2353,14.2508,1,19.05019,1
1677142484617,359,467,14.39079,1,19.0939,1
1677142484623,312,461,14.74773,1,19.01797,1
1677142484630,313,2360,14.46528,1,19.0842,1
1677142484637,312,2374,14.36006,1,19.18359,1
1677142484644,324,2385,14.30032,1,19.19413,1
1677142484650,321,2374,14.36096,1,19.17768,1
1677142484657,292,2361,14.62433,1,19.20924,1
1677142484663,287,2347,14.38261,1,19.23354,1
1677142484671,282,2339,14.49964,1,19.20662,1
1677142484677,310,2326,14.73052,1,19.26645,1
1677142484684,313,472,14.63951,1,18.9521,1
1677142484690,313,472,14.54351,1,18.9675,1
1677142484698,320,471,14.46379,1,18.77587,1
1677142484704,319,491,14.75737,1,18.99927,1
1677142484710,324,500,14.66932,1,19.03232,1
1677142484717,326,477,14.63779,1,18.86657,1
1677142484724,343,495,14.48023,1,19.0062,1
1677142484730,351,2024,14.45851,1,19.0062,1
1677142484736,361,2039,14.58965,1,19.11065,1
1677142484744,360,2055,14.55044,1,19.11882,1
1677142484751,364,550,14.43543,1,19.19235,1
1677142484757,366,524,14.35112,1,19.31911,1
1677142484764,363,535,14.22095,1,19.21527,1
1677142484771,359,528,14.14754,1,19.1479,1
1677142484778,373,1902,14.30959,1,19.13043,1
1677142484784,328,1911,14.41463,1,19.09894,1
1677142484791,325,1902,14.65749,1,18.61751,1
1677142484799,326,1886,14.9555,1,18.89216,1
1677142484804,331,1901,14.99925,1,19.08599,1
1677142484811,326,1893,14.97768,1,19.01494,1
1677142484817,330,1868,14.85554,1,18.96001,1
1677142484824,340,1870,14.8948,1,19.11814,1
1677142484831,342,1876,14.5212,1,19.22775,1
1677142484838,336,1903,14.53562,1,19.0741,1
1677142484844,364,1918,14.9115,1,18.73577,1
1677142484851,362,1915,15.13114,1,18.85345,1
1677142484858,337,1919,14.94851,1,19.25193,1
1677142484864,330,1934,15.07844,1,19.19235,1
1677142484871,325,1926,14.97326,1,19.28239,1
1677142484878,300,1919,14.97326,1,19.08027,1
1677142484885,305,1923,15.00067,1,19.11128,1
1677142484891,310,1929,14.8124,1,18.98953,1
1677142484898,287,1925,14.8616,1,19.08309,1
1677142484905,300,1922,14.89214,1,18.90577,1
1677142484912,304,1931,14.95416,1,18.8166,1
1677142484918,321,1958,14.83193,1,18.52446,1
1677142484924,336,1967,14.5675,1,18.64807,1
1677142484932,345,1982,14.50315,1,18.52446,1
1677142484938,373,2016,15.34037,1,18.69677,1
1677142484945,365,2026,14.59117,1,18.71545,1
1677142484952,361,2018,14.88659,1,19.10444,1
1677142484958,333,2084,14.74757,1,19.76802,1
1677142484965,271,2127,14.94032,1,19.98354,1
1677142484972,261,2116,14.2695,1,19.92006,1
1677142484979,255,2190,14.56594,1,19.98468,1
1677142484985,254,2190,14.32616,1,19.88621,1
1677142484992,254,2190,14.52694,1,19.82306,1
1677142484999,231,2174,14.42055,1,19.89907,1
1677142485005,243,2199,14.86148,1,19.88435,1
1677142485012,243,2199,14.63151,1,20.00888,1
1677142485020,235,2206,14.61959,1,20.00888,1
1677142485026,230,2213,14.87306,1,20.05816,1
1677142485032,225,2209,15.25387,1,20.05816,1
1677142485039,227,2196,15.04523,1,20.29381,1
1677142485045,216,2220,15.33302,1,20.00771,1
1677142485052,211,2216,15.31041,1,20.07794,1
1677142485059,223,2193,15.27818,1,20.00696,1
1677142485065,239,2175,15.30531,1,20.06773,1
1677142485072,234,2170,15.22809,1,20.19499,1
1677142485079,213,2131,15.32051,1,20.29188,1
1677142485086,218,2147,15.26316,1,20.20115,1
1677142485092,218,2147,15.16541,1,20.42377,1
1677142485099,245,2182,15.45555,1,20.43836,1
1677142485106,205,2174,15.42111,1,20.31445,1
1677142485113,211,2179,15.22966,1,20.39997,1
1677142485119,245,2189,15.35524,1,20.31954,1
1677142485126,276,2195,15.24667,1,20.47869,1
1677142485132,278,2198,14.84799,1,20.473,1
1677142485139,240,2173,14.99071,1,20.69919,1
1677142485146,273,2181,14.68671,1,20.6962,1
1677142485153,283,2190,14.86212,1,20.6047,1
1677142485159,301,2216,15.23536,1,20.51156,1
1677142485165,267,2262,15.35758,1,20.47639,1
1677142485172,275,2267,15.32095,1,20.3295,1
1677142485179,230,2345,15.56421,1,20.4128,1
1677142485186,227,2329,15.4661,1,20.35882,1
1677142485192,230,2329,15.52219,1,20.38619,1
1677142485199,258,2328,15.29674,1,20.48331,1
1677142485206,239,2328,15.30527,1,20.54542,1
1677142485213,234,2331,15.60961,1,20.54542,1
1677142485220,224,2322,15.69433,1,20.6761,1
1677142485226,249,2332,15.71401,1,20.654,1
1677142485234,251,2343,15.70042,1,20.51258,1
1677142485241,248,2330,15.56222,1,20.50285,1
1677142485246,249,2330,15.36624,1,20.57025,1
1677142485253,255,918,15.50344,1,20.60389,1
1677142485260,262,894,15.38313,1,20.76369,1
1677142485267,277,2347,15.38313,1,20.71287,1
1677142485273,277,2347,15.67669,1,20.71352,1
1677142485280,277,871,15.67341,1,20.98626,1
1677142485286,288,920,15.91243,1,20.90312,1
1677142485293,288,920,15.60484,1,20.88931,1
1677142485300,288,907,15.93789,1,21.18366,1
1677142485307,297,891,15.75992,1,20.97527,1
1677142485313,287,883,15.53661,1,21.04473,1
1677142485320,247,877,16.15378,1,21.10641,1
1677142485326,204,900,16.15033,1,21.13358,1
1677142485333,185,892,16.05832,1,21.1974,1
1677142485340,218,859,16.08506,1,21.40793,1
1677142485346,186,841,16.08548,1,21.4093,1
1677142485353,198,848,16.35554,1,21.37589,1
1677142485360,242,823,16.39863,1,21.59522,1
1677142485367,252,811,16.39594,1,21.70379,1
1677142485374,261,818,15.90275,1,21.71886,1
1677142485380,256,809,15.96393,1,21.90864,1
1677142485387,261,820,15.90039,1,21.92903,1
1677142485394,261,820,16.42789,1,21.92249,1
1677142485400,259,856,16.30931,1,22.11476,1
1677142485407,273,845,16.32697,1,21.77733,1
1677142485414,270,2645,16.13885,1,21.861,1
1677142485420,219,2601,16.23109,1,22.1519,1
1677142485427,241,2588,16.13098,1,22.11728,1
1677142485433,235,2583,16.25904,1,22.15774,1
1677142485440,248,2566,16.22902,1,22.3952,1
1677142485447,208,2548,16.41945,1,22.22685,1
1677142485454,208,2548,16.19468,1,22.21758,1
1677142485461,245,2515,16.59222,1,22.23141,1
1677142485467,244,2550,16.39981,1,22.01881,1
1677142485474,256,2560,16.47958,1,22.23078,1
1677142485481,277,2459,15.66112,1,22.18689,1
1677142485487,295,2452,14.95401,1,22.13416,1
1677142485494,300,2458,16.08598,1,22.14341,1
1677142485501,307,2441,16.36311,1,22.55985,1
1677142485507,307,2442,16.56124,1,22.32434,1
1677142485514,307,2442,16.54653,1,22.29117,1
1677142485521,313,2438,16.46699,1,22.35032,1
1677142485527,308,2429,16.44738,1,22.29815,1
1677142485534,308,2429,16.22007,1,22.30946,1
1677142485541,312,2433,16.12302,1,22.28495,1
1677142485548,320,2432,15.63696,1,22.41344,1
1677142485555,320,2432,15.90969,1,22.32361,1
1677142485563,304,2463,16.45114,1,22.31144,1
1677142485569,293,2463,16.22346,1,22.18367,1
1677142485574,289,2456,16.62889,1,22.18367,1
1677142485581,296,2391,16.84089,1,22.32416,1
1677142485588,295,2385,16.50187,1,22.46792,1
1677142485594,281,2364,16.50847,1,22.25227,1
1677142485601,242,2376,16.84143,1,22.33637,1
1677142485608,245,2360,16.45529,1,22.336,1
1677142485615,239,2355,16.67991,1,22.30577,1
1677142485622,234,2335,16.70332,1,22.31516,1
1677142485628,240,2322,16.44505,1,22.21916,1
1677142485635,250,2337,16.2944,1,22.29339,1
1677142485642,240,2376,16.50652,1,22.58658,1
1677142485648,254,2395,16.30485,1,22.26936,1
1677142485655,265,2409,16.26454,1,22.51559,1
1677142485662,242,2395,16.40242,1,22.397,1
1677142485669,268,2418,16.43591,1,22.32746,1
1677142485675,273,2424,16.43591,1,22.62764,1
1677142485682,266,2420,16.38581,1,22.40655,1
1677142485688,286,2393,16.13708,1,22.39803,1
1677142485695,282,2384,16.27012,1,22.46659,1
1677142485701,271,2381,15.76103,1,22.45071,1
1677142485709,274,2364,15.44766,1,22.27377,1
1677142485715,263,2350,16.14885,1,22.34602,1
1677142485722,263,2361,16.35159,1,22.16628,1
1677142485728,262,2377,15.59363,1,22.20778,1
1677142485735,262,2377,15.6869,1,22.41473,1
1677142485742,283,2365,16.10578,1,22.71888,1
1677142485749,279,2373,15.99096,1,22.45022,1
1677142485755,283,2382,16.7843,1,22.32425,1
1677142485762,300,2375,15.97067,1,22.43063,1
1677142485768,307,2391,16.08752,1,22.43063,1
1677142485775,312,2399,16.66974,1,22.43541,1
1677142485782,296,2429,16.56108,1,22.25628,1
1677142485789,314,2399,16.61646,1,22.23995,1
1677142485795,309,2393,16.44608,1,22.14612,1
1677142485802,303,2418,16.62946,1,22.13284,1
1677142485809,282,2396,16.67083,1,22.15687,1
1677142485815,282,2396,16.68673,1,22.13151,1
1677142485822,262,2420,16.6509,1,22.21253,1
1677142485829,286,2425,16.49529,1,22.24958,1
1677142485836,280,2417,16.45157,1,22.28832,1
1677142485842,252,2394,16.33041,1,22.21447,1
1677142485849,242,2382,16.34636,1,22.21634,1
1677142485856,236,2375,16.24249,1,22.21447,1
1677142485863,234,2342,16.33995,1,22.42578,1
1677142485869,232,2345,16.32959,1,22.31383,1
1677142485876,232,2345,16.34873,1,22.31383,1
1677142485883,224,2365,16.40414,1,22.44247,1
1677142485889,229,2364,16.29191,1,22.44247,1
1677142485896,234,2372,16.81591,1,22.66729,1
1677142485903,219,2378,16.81389,1,22.41669,1
1677142485909,241,2375,16.35416,1,22.39442,1
1677142485916,247,2383,16.60121,1,22.41669,1
1677142485923,241,2382,17.01314,1,22.53029,1
1677142485929,238,2381,16.94831,1,22.43322,1
1677142485936,232,2373,17.02529,1,22.49872,1
1677142485943,213,2365,16.8553,1,22.30313,1
1677142485950,202,2361,16.83847,1,22.24219,1
1677142485956,202,2361,16.92331,1,22.48754,1
1677142485963,189,2354,16.98238,1,22.36067,1
1677142485970,189,2373,16.93647,1,22.49377,1
1677142485976,196,2381,16.76292,1,22.37175,1
1677142485983,209,2375,16.76801,1,22.38833,1
1677142485990,200,2384,16.93155,1,22.22927,1
1677142485997,193,2376,17.0043,1,22.22927,1
1677142486003,203,2379,16.72574,1,22.36034,1
1677142486010,205,2411,16.45295,1,22.52033,1
1677142486017,199,2404,16.6754,1,22.52033,1
1677142486023,216,2362,16.64338,1,22.51332,1
1677142486030,237,2363,16.80132,1,22.36238,1
1677142486037,242,2371,16.22278,1,22.36382,1
1677142486043,262,2379,16.25283,1,22.33487,1
1677142486050,250,2394,16.34308,1,22.35291,1
1677142486057,261,2408,16.33206,1,22.35286,1
1677142486064,276,2395,16.45891,1,22.41077,1
1677142486070,281,2410,16.21743,1,22.1725,1
1677142486077,286,2417,15.95189,1,22.16975,1
1677142486084,286,2404,16.18965,1,22.15288,1
1677142486090,286,2434,16.39809,1,22.12996,1
1677142486097,276,2415,16.57241,1,21.91012,1
1677142486104,221,2412,16.36045,1,22.28626,1
1677142486112,207,2402,16.40109,1,22.28626,1
1677142486117,196,2379,16.46929,1,21.91394,1
1677142486124,202,2381,16.38257,1,21.77238,1
1677142486131,211,597,16.38257,1,21.70512,1
1677142486137,211,597,16.28488,1,21.72843,1
1677142486144,197,576,16.28991,1,21.85559,1
1677142486151,188,2226,16.24338,1,21.77693,1
1677142486157,194,2234,16.36703,1,21.7374,1
1677142486164,206,635,16.16563,1,21.6665,1
1677142486171,209,593,16.1704,1,21.84651,1
1677142486178,216,601,16.18759,1,21.69271,1
1677142486184,227,639,16.12477,1,21.6976,1
1677142486191,218,615,16.1762,1,21.57016,1
1677142486198,218,615,16.09985,1,21.54998,1
1677142486204,228,637,16.23218,1,21.55226,1
1677142486211,206,655,16.13034,1,21.89222,1
1677142486218,209,657,16.16151,1,21.61077,1
1677142486225,207,660,16.06012,1,21.91164,1
1677142486231,188,671,16.07135,1,21.81343,1
1677142486238,185,667,16.09192,1,20.81142,1
1677142486244,202,609,16.20698,1,21.61431,1
1677142486251,209,592,16.36351,1,21.38207,1
1677142486258,205,589,16.12154,1,21.02441,1
1677142486265,240,1687,15.71384,1,21.56064,1
1677142486271,245,1702,15.57103,1,21.49508,1
1677142486278,248,1707,15.84527,1,20.88429,1
1677142486285,243,1727,16.00603,1,21.50182,1
1677142486291,175,1758,15.98511,1,21.46963,1
1677142486298,175,1758,15.9044,1,21.42831,1
1677142486305,223,1753,15.87741,1,21.76282,1
1677142486311,225,1748,16.2598,1,21.46992,1
1677142486318,228,1750,16.00188,1,21.14485,1
1677142486324,274,1766,15.55626,1,21.55246,1
1677142486331,209,1785,15.98318,1,21.58419,1
1677142486338,194,1769,15.84654,1,21.43478,1
1677142486345,181,1723,15.62183,1,21.57703,1
1677142486352,202,1700,15.43049,1,21.42176,1
1677142486358,196,1695,16.22259,1,21.64678,1
1677142486364,250,1604,15.50395,1,21.28579,1
1677142486371,309,1515,15.20823,1,20.91348,1
1677142486378,316,1528,15.61554,1,21.17463,1
1677142486385,270,1470,15.48278,1,20.83066,1
1677142486392,277,1420,15.17281,1,20.69698,1
1677142486399,278,1425,16.0159,1,20.86865,1
1677142486405,308,1505,15.48851,1,20.90637,1
1677142486412,277,1475,15.56664,1,20.71626,1
1677142486418,285,1490,15.74085,1,20.65001,1
1677142486426,299,1537,16.09927,1,20.85944,1
1677142486432,276,343,15.71884,1,20.59106,1
1677142486439,269,328,15.77541,1,20.62171,1
1677142486445,275,1475,15.81921,1,20.80402,1
1677142486452,272,1470,15.61417,1,20.73027,1
1677142486459,273,1474,15.65055,1,20.55268,1
1677142486465,300,1469,15.5909,1,20.73736,1
1677142486472,331,1476,15.84135,1,20.75437,1
1677142486479,333,1467,15.66468,1,20.74251,1
1677142486485,280,1487,15.62078,1,20.51516,1
1677142486492,294,1476,15.91764,1,20.33762,1
1677142486499,296,408,16.06487,1,20.66367,1
1677142486506,321,423,15.22382,1,20.37291,1
1677142486512,298,400,15.33208,1,20.37558,1
1677142486519,298,400,15.85691,1,20.14037,1
1677142486526,314,431,15.87992,1,20.27063,1
1677142486532,341,472,15.82721,1,20.47071,1
1677142486539,334,460,15.68758,1,20.73907,1
1677142486545,259,1251,15.62382,1,20.60844,1
1677142486553,285,1226,15.61804,1,20.55825,1
1677142486559,288,1229,15.90298,1,20.36614,1
1677142486565,328,1308,15.89322,1,20.70304,1
1677142486572,331,454,15.62356,1,20.62267,1
1677142486579,332,455,15.65536,1,20.6622,1
1677142486586,291,452,15.79181,1,20.43365,1
1677142486593,300,453,15.99599,1,20.4486,1
1677142486600,302,457,15.72825,1,20.51346,1
1677142486606,335,435,15.57512,1,20.39163,1
1677142486613,283,1175,15.48645,1,20.36458,1
1677142486620,288,1180,15.64707,1,20.27106,1
1677142486626,318,1150,15.52659,1,20.60917,1
1677142486633,303,1135,15.53045,1,20.48709,1
1677142486640,294,1119,15.44956,1,20.42608,1
1677142486646,258,1128,15.54587,1,20.33544,1
1677142486653,281,1147,15.68645,1,20.49128,1
1677142486661,291,1164,15.54982,1,20.26294,1
1677142486668,320,1182,14.894,1,20.43769,1
1677142486673,313,1181,15.09529,1,20.46499,1
1677142486680,304,1162,15.2492,1,20.28685,1
1677142486687,263,1102,15.12514,1,20.43749,1
1677142486693,294,1102,14.98223,1,20.41387,1
1677142486699,289,1095,15.07627,1,20.18918,1
1677142486706,280,1094,15.31978,1,20.49355,1
1677142486713,321,1136,15.4015,1,20.47543,1
1677142486720,327,1143,15.55217,1,20.36407,1
1677142486726,275,1120,15.63766,1,20.40669,1
1677142486733,260,1127,15.49376,1,20.43021,1
1677142486740,254,1119,15.46139,1,20.35064,1
1677142486747,276,1095,15.48845,1,20.54472,1
1677142486753,323,1142,15.37076,1,20.57254,1
1677142486760,333,1159,15.52678,1,20.53583,1
1677142486768,264,1203,15.53554,1,20.40669,1
1677142486774,264,1144,15.51466,1,20.40669,1
1677142486780,257,1132,15.5236,1,20.37961,1
1677142486787,269,1173,15.35925,1,20.44133,1
1677142486794,307,1190,15.67872,1,20.60023,1
1677142486800,313,1204,15.76247,1,20.53065,1
1677142486807,320,1202,15.72558,1,20.63176,1
1677142486814,270,1196,15.95742,1,20.75146,1
1677142486821,266,1186,15.82011,1,20.77835,1
1677142486827,288,1169,15.86052,1,20.50603,1
1677142486834,256,1151,15.74959,1,20.44107,1
1677142486841,255,1152,16.14921,1,20.76992,1
1677142486847,289,1177,16.17254,1,20.86387,1
1677142486854,323,1171,15.99284,1,20.61792,1
1677142486861,332,1188,16.13752,1,20.61792,1
1677142486867,339,1196,16.15531,1,20.79167,1
1677142486875,279,1206,15.98264,1,20.69852,1
1677142486881,265,1179,15.94882,1,20.78897,1
1677142486887,271,1147,15.79535,1,20.52969,1
1677142486894,260,1100,15.61812,1,20.4991,1
1677142486901,258,1101,15.81996,1,20.75622,1
1677142486907,270,1149,15.98089,1,20.93302,1
1677142486914,296,1164,15.78777,1,21.18454,1
1677142486921,315,1198,16.22594,1,21.17006,1
1677142486927,334,1206,16.00752,1,20.91231,1
1677142486934,345,1207,16.22077,1,20.89488,1
1677142486941,340,1195,16.38298,1,20.84396,1
1677142486948,312,1186,16.22738,1,21.14603,1
1677142486955,306,1164,15.83034,1,21.16578,1
1677142486961,295,1143,16.1691,1,21.349,1
1677142486968,246,1001,16.30781,1,21.36138,1
1677142486974,245,961,16.5724,1,20.94129,1
1677142486981,254,981,16.84109,1,21.2549,1
1677142486987,276,1039,16.22439,1,21.11311,1
1677142486994,291,1015,16.05336,1,21.05299,1
1677142487001,301,1036,16.18012,1,21.05299,1
1677142487008,301,1046,16.78881,1,21.04604,1
1677142487014,288,1037,16.81923,1,21.10324,1
1677142487021,283,1027,16.77974,1,21.00217,1
1677142487028,271,1048,16.85061,1,21.01399,1
1677142487035,266,1017,16.5992,1,20.91326,1
1677142487041,262,1008,16.79225,1,20.85821,1
1677142487048,266,1011,16.73947,1,21.04636,1
1677142487055,298,1024,16.62919,1,21.07717,1
1677142487061,293,1012,16.75438,1,21.05753,1
1677142487068,286,969,16.66782,1,21.10063,1
1677142487075,281,977,16.60215,1,21.13515,1
1677142487082,281,977,16.60215,1,21.20179,1
1677142487089,285,1000,16.54343,1,21.05519,1
1677142487095,302,1009,16.71706,1,21.10254,1
1677142487102,307,1021,16.5343,1,20.88078,1
1677142487108,304,1009,16.47929,1,21.03753,1
1677142487115,312,1020,16.34552,1,21.10496,1
1677142487121,316,1030,16.26872,1,20.89151,1
1677142487129,303,1036,16.28076,1,21.15292,1
1677142487135,307,1063,16.18814,1,20.9406,1
1677142487142,311,1072,16.17767,1,20.87026,1
1677142487148,328,991,16.52127,1,21.06829,1
1677142487155,340,988,16.54185,1,20.94671,1
1677142487162,340,988,16.46174,1,21.12587,1
1677142487169,312,951,16.57678,1,20.94078,1
1677142487176,354,966,16.53417,1,21.00586,1
1677142487182,354,966,16.76102,1,20.975,1
1677142487188,329,968,16.72804,1,20.82441,1
1677142487195,324,968,16.45029,1,20.86709,1
1677142487202,320,955,16.42515,1,20.73683,1
1677142487208,288,944,16.56853,1,20.70519,1
1677142487215,269,913,16.73666,1,20.63611,1
1677142487223,255,881,16.65812,1,20.48675,1
1677142487229,301,858,16.07651,1,20.41709,1
1677142487236,300,869,16.22135,1,20.32072,1
1677142487243,308,892,16.3521,1,20.26917,1
1677142487249,315,920,16.30298,1,20.45994,1
1677142487256,315,932,16.43641,1,20.46323,1
1677142487263,324,955,16.19659,1,20.02305,1
1677142487269,310,975,16.48011,1,20.35026,1
1677142487276,335,261,16.39912,1,19.93349,1
1677142487283,335,261,16.58412,1,20.33416,1
1677142487289,325,271,16.55627,1,20.29077,1
1677142487296,319,264,16.33461,1,19.85135,1
1677142487303,319,264,16.013,1,19.85135,1
1677142487311,318,945,16.013,1,19.93158,1
1677142487317,298,966,16.03612,1,19.96286,1
1677142487322,298,966,16.03584,1,19.96286,1
1677142487330,306,283,16.0589,1,19.94707,1
1677142487336,306,271,15.96794,1,19.94689,1
1677142487343,306,271,15.96794,1,20.06983,1
1677142487350,317,285,16.08578,1,19.81364,1
1677142487356,331,290,16.20122,1,19.67789,1
1677142487363,331,916,16.05564,1,19.51208,1
1677142487370,324,912,16.00097,1,19.56709,1
1677142487376,335,916,16.18785,1,19.65979,1
1677142487383,325,261,16.12257,1,19.57394,1
1677142487390,261,249,15.87963,1,19.58405,1
1677142487397,264,220,15.86476,1,19.52773,1
1677142487403,261,216,15.89768,1,19.5527,1
1677142487410,286,216,16.19781,1,19.37746,1
1677142487417,316,257,16.06389,1,19.36859,1
1677142487423,323,273,15.71822,1,19.58459,1
1677142487429,274,265,15.95188,1,19.28729,1
1677142487436,293,251,16.09423,1,19.68682,1
1677142487443,289,241,16.04258,1,19.44883,1
1677142487450,300,232,16.08429,1,19.71011,1
1677142487457,314,250,16.02423,1,20.21365,1
1677142487463,316,256,15.97656,1,20.02226,1
1677142487470,291,292,15.97877,1,20.23187,1
1677142487477,270,300,16.13377,1,19.91248,1
1677142487484,273,304,16.00088,1,20.0139,1
1677142487490,308,312,15.57588,1,20.00806,1
1677142487497,295,302,15.72702,1,20.08786,1
1677142487504,296,307,16.0278,1,20.0759,1
1677142487510,327,337,16.00149,1,20.46007,1
1677142487517,330,344,15.84208,1,20.27131,1
1677142487524,334,354,15.58016,1,20.06606,1
1677142487530,327,350,16.03029,1,19.93258,1
1677142487537,310,323,16.15967,1,20.114,1
1677142487544,302,700,16.15967,1,20.35504,1
1677142487551,281,683,15.75665,1,20.35504,1
1677142487557,252,662,16.01001,1,20.1642,1
1677142487563,239,631,16.10664,1,20.21138,1
1677142487571,249,642,15.83014,1,20.27491,1
1677142487577,250,632,15.75029,1,20.20699,1
1677142487584,252,638,15.86832,1,20.3411,1
1677142487590,270,694,15.52681,1,20.36854,1
1677142487597,325,806,15.69354,1,20.4445,1
1677142487604,332,818,15.52876,1,20.74702,1
1677142487611,338,826,15.53004,1,21.07588,1
1677142487618,331,885,15.55625,1,21.31693,1
1677142487624,332,889,15.55483,1,20.64384,1
1677142487631,341,878,15.54617,1,20.54164,1
1677142487638,327,894,15.54561,1,20.43896,1
1677142487644,330,897,15.50036,1,20.81555,1
1677142487651,319,891,15.50036,1,21.16693,1
1677142487658,321,892,15.55107,1,20.89249,1
1677142487665,316,883,15.6348,1,20.80236,1
1677142487671,310,889,15.6158,1,20.88804,1
1677142487678,330,859,15.58925,1,21.25418,1
1677142487685,330,859,15.56869,1,21.20839,1
1677142487691,332,856,15.58966,1,21.0174,1
1677142487698,340,870,15.51198,1,21.27652,1
1677142487705,342,875,15.45762,1,20.49306,1
1677142487711,350,898,15.35659,1,21.31259,1
1677142487718,360,916,15.16915,1,21.29024,1
1677142487725,363,921,15.10222,1,20.96821,1
1677142487731,352,905,15.09518,1,21.37731,1
1677142487738,349,916,15.52004,1,21.3376,1
1677142487745,343,903,15.46278,1,21.21689,1
1677142487752,311,910,16.07724,1,21.61777,1
1677142487758,306,911,15.95001,1,21.42321,1
1677142487764,306,911,15.77909,1,21.31949,1
1677142487772,353,893,15.83933,1,21.3151,1
1677142487778,355,911,15.791,1,21.33109,1
1677142487785,364,931,15.68887,1,20.96881,1
1677142487792,341,938,15.6547,1,21.42052,1
1677142487798,332,965,15.77467,1,21.50669,1
1677142487805,335,968,15.8033,1,21.24934,1
1677142487812,370,944,15.59064,1,21.27982,1
1677142487819,357,939,15.89263,1,21.45042,1
1677142487825,355,936,15.71126,1,21.35144,1
1677142487832,347,939,15.6724,1,21.56599,1
1677142487838,353,968,15.6878,1,21.44132,1
1677142487845,345,951,15.75931,1,21.29516,1
1677142487852,321,929,15.90591,1,21.49319,1
1677142487860,307,893,15.84884,1,21.30467,1
1677142487865,302,887,15.74335,1,21.1762,1
1677142487872,308,913,15.46933,1,21.44864,1
1677142487879,339,952,15.39547,1,21.39954,1
1677142487886,357,981,15.19223,1,21.64221,1
1677142487892,383,974,15.32012,1,21.5194,1
1677142487899,354,969,15.21523,1,21.56424,1
1677142487905,352,965,15.29376,1,21.41616,1
1677142487912,358,950,15.47523,1,21.37565,1
1677142487919,349,917,15.27857,1,21.58649,1
1677142487926,339,897,15.42987,1,21.39277,1
1677142487932,354,902,15.39598,1,21.43266,1
1677142487939,319,918,15.53052,1,21.32966,1
1677142487946,308,900,15.59279,1,21.28812,1
1677142487953,304,881,15.6141,1,21.48606,1
1677142487959,310,882,15.48266,1,21.39273,1
1677142487965,312,886,15.57417,1,21.57264,1
1677142487974,268,904,15.6141,1,21.46275,1
1677142487979,270,913,15.57417,1,21.67184,1
1677142487986,280,928,15.8675,1,21.82409,1
1677142487993,318,945,16.05068,1,21.68136,1
1677142487999,315,961,16.13537,1,21.50916,1
1677142488006,320,969,15.94722,1,21.54588,1
1677142488013,330,970,15.43555,1,21.45466,1
1677142488019,349,980,16.21371,1,21.43995,1
1677142488026,353,987,15.68156,1,21.43995,1
1677142488033,339,962,16.49853,1,21.32212,1
1677142488040,348,978,15.90421,1,21.49287,1
1677142488046,350,980,15.39829,1,21.6598,1
1677142488053,357,954,15.42622,1,21.68498,1
1677142488060,361,965,15.44708,1,21.65605,1
1677142488067,356,954,15.36991,1,21.48474,1
1677142488075,358,932,15.72444,1,21.54964,1
1677142488080,363,914,15.75612,1,21.47571,1
1677142488086,353,899,15.77768,1,21.43139,1
1677142488093,303,894,16.07926,1,21.81404,1
1677142488100,280,910,16.53535,1,21.54913,1
1677142488107,285,918,15.96556,1,21.33734,1
1677142488113,316,942,15.93363,1,21.43976,1
1677142488120,337,952,15.98754,1,21.52587,1
1677142488126,342,958,15.34164,1,21.61712,1
1677142488133,357,967,15.41586,1,21.32317,1
1677142488140,358,925,15.51851,1,21.44318,1
1677142488147,349,910,15.67975,1,21.35133,1
1677142488153,340,919,15.32892,1,21.35202,1
1677142488160,398,918,15.62325,1,21.12473,1
1677142488167,404,929,15.96336,1,21.17309,1
1677142488174,606,926,15.21228,1,21.17143,1
1677142488180,591,932,14.57241,1,20.99101,1
1677142488187,593,940,15.29902,1,21.06584,1
1677142488194,579,957,14.91136,1,21.16014,1
1677142488200,607,953,15.12024,1,21.13146,1
1677142488207,606,949,14.88063,1,21.2707,1
1677142488213,612,923,15.39067,1,21.1332,1
1677142488220,595,944,15.28847,1,21.08763,1
1677142488227,593,937,15.39881,1,21.02567,1
1677142488234,568,943,15.24901,1,20.95767,1
1677142488241,572,946,15.39554,1,20.90341,1
1677142488247,575,957,15.20718,1,21.04962,1
1677142488254,612,952,15.28395,1,20.99383,1
1677142488261,611,932,15.26062,1,20.79817,1
1677142488267,611,932,15.62818,1,20.92625,1
1677142488274,597,970,15.49635,1,20.88408,1
1677142488280,601,959,15.8619,1,20.84994,1
1677142488287,601,959,15.43473,1,20.94602,1
1677142488294,600,926,15.15152,1,21.00581,1
1677142488301,596,924,14.80971,1,20.79108,1
1677142488307,596,924,14.857,1,20.75733,1
1677142488314,625,945,14.80856,1,20.80606,1
1677142488321,624,974,14.84316,1,20.80741,1
1677142488328,624,970,15.01182,1,20.70729,1
1677142488334,609,946,15.01436,1,20.88591,1
1677142488341,588,929,14.85054,1,20.69222,1
1677142488348,584,914,15.00299,1,20.70779,1
1677142488354,577,896,14.96977,1,20.66166,1
1677142488361,565,877,14.98467,1,20.71184,1
1677142488368,563,870,15.21575,1,20.69697,1
1677142488375,554,858,15.08883,1,20.75582,1
1677142488381,559,892,15.10332,1,20.71761,1
1677142488388,559,892,15.12379,1,20.71761,1
1677142488394,543,868,15.22464,1,20.76842,1
1677142488401,553,878,15.27978,1,20.76546,1
1677142488407,553,878,15.20624,1,20.72954,1
1677142488414,549,888,15.18213,1,20.61783,1
1677142488422,559,900,15.14484,1,20.45979,1
1677142488428,557,896,15.2465,1,20.58527,1
1677142488435,573,880,14.92474,1,20.49969,1
1677142488442,576,889,15.0103,1,20.41144,1
1677142488448,577,893,14.85734,1,20.60516,1
1677142488455,548,880,15.48136,1,20.6944,1
1677142488462,571,898,15.45847,1,20.40129,1
1677142488468,571,903,15.50521,1,20.41827,1
1677142488475,580,884,15.27514,1,20.6372,1
1677142488482,580,926,15.25778,1,20.52062,1
1677142488488,584,945,15.37192,1,20.50132,1
1677142488495,608,939,15.41772,1,20.54081,1
1677142488502,625,932,15.26707,1,20.58915,1
1677142488511,628,946,14.99977,1,20.60951,1
1677142488516,604,978,15.26992,1,20.47231,1
1677142488522,625,978,15.14102,1,20.495,1
1677142488529,621,960,14.98003,1,20.18517,1
1677142488535,747,890,14.99167,1,20.16483,1
1677142488542,783,868,14.77377,1,20.158,1
1677142488549,783,858,15.32428,1,20.26912,1
1677142488555,739,866,15.28368,1,20.45762,1
1677142488562,781,887,15.2156,1,20.41454,1
1677142488569,782,890,15.26493,1,20.21568,1
1677142488575,742,886,15.14139,1,20.18101,1
1677142488582,727,913,15.05976,1,20.32818,1
1677142488589,727,902,15.11103,1,20.28583,1
1677142488596,728,889,15.22988,1,20.31278,1
1677142488602,704,885,15.01977,1,20.26875,1
1677142488609,704,894,14.98695,1,20.27882,1
1677142488615,718,911,15.02994,1,20.22823,1
1677142488622,707,929,15.03874,1,20.16843,1
1677142488629,709,944,14.9502,1,20.14935,1
1677142488636,717,903,14.96841,1,20.15496,1
1677142488642,728,935,15.06485,1,20.15496,1
1677142488649,728,931,15.09062,1,20.23626,1
1677142488656,737,908,15.00632,1,20.25407,1
1677142488663,738,925,15.11066,1,20.30375,1
1677142488669,738,913,15.15878,1,20.18489,1
1677142488676,723,898,15.15883,1,20.36321,1
1677142488683,720,901,15.14581,1,20.17122,1
1677142488690,719,898,15.05953,1,20.26603,1
1677142488696,714,907,15.13799,1,20.23586,1
1677142488703,770,909,15.12077,1,20.15642,1
1677142488709,769,913,14.97415,1,20.07749,1
1677142488716,752,915,15.07049,1,20.04206,1
1677142488723,772,909,15.07049,1,20.32564,1
1677142488730,772,916,14.89607,1,19.93274,1
1677142488736,751,886,15.01399,1,20.0442,1
1677142488743,749,873,15.01272,1,19.97882,1
1677142488749,750,889,14.83847,1,20.01009,1
1677142488756,728,899,14.68556,1,20.14251,1
1677142488763,717,915,14.6496,1,19.96881,1
1677142488770,717,906,14.53054,1,19.93161,1
1677142488777,737,900,14.64026,1,19.798,1
1677142488783,723,872,14.73597,1,19.79946,1
1677142488790,721,853,14.80162,1,19.93735,1
1677142488797,745,857,14.61568,1,20.02812,1
1677142488803,755,860,14.63086,1,19.80785,1
1677142488810,754,865,14.63086,1,19.66576,1
1677142488816,768,883,14.86864,1,19.99771,1
1677142488823,764,887,14.74956,1,19.90417,1
1677142488830,765,901,14.7665,1,19.77802,1
1677142488837,751,937,14.74608,1,20.0535,1
1677142488844,743,949,14.48286,1,19.72373,1
1677142488850,743,965,13.96777,1,19.74033,1
1677142488857,737,973,14.5278,1,19.62171,1
1677142488865,733,993,14.78248,1,19.71176,1
1677142488870,733,989,14.97154,1,19.71176,1
1677142488877,716,953,15.02025,1,19.67368,1
1677142488884,713,953,14.82428,1,19.69184,1
1677142488890,712,941,14.69919,1,19.55559,1
1677142488897,715,930,14.561,1,19.75116,1
1677142488904,717,930,14.71202,1,19.75857,1
1677142488910,716,922,14.75835,1,19.80833,1
1677142488917,724,909,14.93755,1,19.78937,1
1677142488924,721,891,14.36432,1,19.73362,1
1677142488931,721,899,14.52787,1,19.73362,1
1677142488937,698,969,14.91174,1,20.1093,1
1677142488944,613,926,13.99512,1,19.75131,1
1677142488951,615,930,14.24073,1,19.6594,1
1677142488957,363,900,15.1055,1,18.99825,1
1677142488964,346,892,14.38137,1,19.56461,1
1677142488971,344,889,14.95236,1,19.52252,1
1677142488978,338,915,15.37025,1,19.79939,1
1677142488984,343,937,14.5546,1,20.03694,1
1677142488991,341,931,15.45868,1,19.91612,1
1677142488997,321,896,15.16474,1,19.71279,1
1677142489004,296,841,15.28818,1,19.60885,1
1677142489011,294,838,15.22754,1,19.61689,1
1677142489018,322,886,14.49049,1,19.87783,1
1677142489024,315,897,14.78927,1,20.07399,1
1677142489031,325,912,14.28609,1,20.02757,1
1677142489037,364,928,14.82696,1,19.65814,1
1677142489044,355,893,14.5307,1,19.69763,1
1677142489051,345,874,14.98979,1,19.72895,1
1677142489058,307,867,14.94301,1,19.58356,1
1677142489065,277,850,14.86993,1,19.65793,1
1677142489071,274,847,14.81889,1,19.89318,1
1677142489078,282,844,14.73824,1,19.7558,1
1677142489084,280,864,14.97649,1,19.74912,1
1677142489091,280,863,14.96507,1,19.7558,1
1677142489098,308,860,14.68192,1,19.8119,1
1677142489105,314,855,14.71367,1,19.60427,1
1677142489111,319,864,14.75915,1,19.71877,1
1677142489118,325,860,14.8129,1,19.85823,1
1677142489125,335,871,14.8129,1,19.81575,1
1677142489131,344,888,14.90645,1,19.65312,1
1677142489138,349,895,14.73783,1,19.71263,1
1677142489145,353,918,14.46382,1,19.53263,1
1677142489152,357,925,14.8129,1,19.61193,1
1677142489158,356,933,14.31088,1,19.70006,1
1677142489165,361,930,14.4003,1,19.62858,1
1677142489171,361,930,14.4003,1,19.7232,1
1677142489178,350,938,15.18861,1,19.56291,1
1677142489185,357,929,14.90766,1,19.33984,1
1677142489191,355,924,14.70791,1,19.26068,1
1677142489198,333,935,15.0434,1,19.35463,1
1677142489205,328,929,15.09988,1,19.26068,1
1677142489212,325,926,15.14738,1,19.42287,1
1677142489218,307,874,14.51865,1,19.55579,1
1677142489225,296,767,14.60331,1,19.01167,1
1677142489232,299,771,14.88886,1,19.61886,1
1677142489239,308,616,15.03874,1,19.08896,1
1677142489245,273,607,14.95798,1,18.91905,1
1677142489252,269,596,15.10007,1,18.79361,1
1677142489259,300,583,14.74906,1,18.80415,1
1677142489265,300,570,14.76792,1,19.16022,1
1677142489272,296,559,14.88734,1,18.82103,1
1677142489279,296,543,14.91325,1,19.28959,1
1677142489285,291,540,14.77673,1,19.17985,1
1677142489292,288,529,14.85587,1,18.70033,1
1677142489300,297,530,15.17097,1,19.13792,1
1677142489307,302,540,14.78274,1,19.54467,1
1677142489312,303,546,14.78274,1,19.53296,1
1677142489319,306,553,14.8459,1,18.65001,1
1677142489326,300,582,14.91089,1,18.92646,1
1677142489332,299,580,14.87249,1,18.75053,1
1677142489339,272,558,15.14229,1,18.85235,1
1677142489346,273,539,15.12606,1,18.86007,1
1677142489353,276,544,15.20216,1,18.78817,1
1677142489359,258,545,15.3994,1,18.79999,1
1677142489366,286,564,15.25513,1,19.15012,1
1677142489373,291,577,15.08092,1,19.33234,1
1677142489379,321,563,15.11311,1,19.16301,1
1677142489386,331,569,15.13411,1,18.87465,1
1677142489393,333,575,15.18102,1,18.75254,1
1677142489399,352,588,15.22462,1,18.85725,1
1677142489406,342,610,15.03578,1,18.87977,1
1677142489412,341,604,15.3879,1,18.95234,1
1677142489419,274,583,15.31563,1,19.20195,1
1677142489426,281,535,15.38353,1,19.11771,1
1677142489433,279,530,15.50164,1,19.28638,1
1677142489439,312,527,15.28012,1,18.72094,1
1677142489446,321,582,14.93631,1,18.70777,1
1677142489453,329,604,15.03162,1,18.69392,1
1677142489459,331,609,15.26233,1,18.88052,1
1677142489466,313,610,15.2565,1,18.79077,1
1677142489473,311,604,15.52617,1,18.81512,1
1677142489479,287,606,15.3497,1,18.78094,1
1677142489486,295,591,14.93564,1,18.67959,1
1677142489493,287,569,14.93258,1,19.07055,1
1677142489500,277,559,15.16115,1,18.91061,1
1677142489507,271,552,14.97878,1,18.89638,1
1677142489513,273,559,14.73491,1,18.89638,1
1677142489520,304,579,14.81616,1,18.65001,1
1677142489527,328,607,14.78581,1,18.68154,1
1677142489533,337,634,14.78581,1,18.68005,1
1677142489540,332,657,15.00017,1,18.75618,1
1677142489547,334,655,14.84062,1,18.36681,1
1677142489554,338,664,15.07219,1,18.67178,1
1677142489560,332,685,15.22319,1,18.68955,1
1677142489567,335,646,15.28012,1,18.65193,1
1677142489574,332,634,15.72908,1,18.71582,1
1677142489580,294,638,15.45438,1,19.4469,1
1677142489587,293,623,15.45985,1,19.49507,1
1677142489594,285,603,15.42852,1,19.36496,1
1677142489600,269,610,15.49762,1,19.53976,1
1677142489607,272,571,15.21045,1,19.2375,1
1677142489614,268,560,15.13835,1,19.22594,1
1677142489620,294,542,14.68647,1,19.11002,1
1677142489627,314,505,14.71539,1,19.12561,1
1677142489634,315,512,15.00993,1,18.9813,1
1677142489640,309,543,15.13221,1,19.02806,1
1677142489647,333,579,15.32856,1,18.945,1
1677142489654,335,584,15.37755,1,18.69904,1
1677142489661,425,554,15.68254,1,18.57534,1
1677142489667,527,497,16.05166,1,18.1445,1
1677142489674,526,492,16.19151,1,18.95776,1
1677142489681,680,446,16.16301,1,19.47082,1
1677142489687,716,488,15.75901,1,19.69806,1
1677142489694,717,493,15.97359,1,19.45398,1
1677142489700,710,476,15.92222,1,19.55941,1
1677142489708,736,443,16.0406,1,19.58329,1
1677142489714,735,419,16.20566,1,19.34272,1
1677142489720,700,415,16.27421,1,19.15216,1
1677142489727,708,412,16.16568,1,19.03286,1
1677142489735,708,424,16.20852,1,19.09485,1
1677142489741,696,457,16.40408,1,19.23437,1
1677142489747,698,469,16.34559,1,19.24078,1
1677142489754,699,481,16.30419,1,19.27709,1
1677142489761,692,474,16.30419,1,19.23594,1
1677142489768,700,479,16.30419,1,19.24333,1
1677142489775,700,479,16.34559,1,19.18459,1
1677142489781,705,455,16.21966,1,19.79995,1
1677142489788,703,485,16.43822,1,19.82678,1
1677142489794,703,485,16.32947,1,19.50227,1
1677142489801,702,507,16.56858,1,19.68086,1
1677142489808,712,511,16.44852,1,19.65736,1
1677142489815,712,511,16.55131,1,19.4418,1
1677142489821,719,522,16.20241,1,19.45181,1
1677142489828,734,505,16.22683,1,19.24694,1
1677142489835,734,500,16.32828,1,19.49638,1
1677142489841,747,511,16.17768,1,19.57939,1
1677142489848,740,503,16.10194,1,19.38477,1
1677142489855,740,489,16.07475,1,19.80283,1
1677142489862,699,514,16.29436,1,19.66388,1
1677142489868,702,485,16.21599,1,19.65431,1
1677142489875,702,496,16.15092,1,19.84296,1
1677142489882,709,515,16.28765,1,19.64839,1
1677142489888,739,549,16.25548,1,19.62939,1
1677142489895,740,574,16.29184,1,19.60763,1
1677142489902,793,543,16.09717,1,19.86067,1
1677142489909,774,544,15.89435,1,19.93889,1
1677142489915,775,511,16.30238,1,19.92282,1
1677142489922,765,475,16.29279,1,19.94134,1
1677142489928,776,424,15.80566,1,19.67455,1
1677142489935,776,406,15.88575,1,19.98699,1
1677142489942,729,411,16.19991,1,19.77247,1
1677142489949,756,456,16.1626,1,19.65965,1
1677142489955,757,494,16.30045,1,19.56082,1
1677142489962,766,486,15.97194,1,19.61424,1
1677142489969,792,467,15.69892,1,19.62381,1
1677142489975,792,451,15.87095,1,19.63024,1
1677142489982,748,488,15.86777,1,19.6657,1
1677142489989,749,467,15.97914,1,19.64731,1
1677142489996,748,456,16.19928,1,19.71831,1
1677142490002,743,449,16.31943,1,19.81432,1
1677142490009,746,482,16.32265,1,19.59905,1
1677142490016,746,514,15.85729,1,20.00591,1
1677142490022,771,520,16.23999,1,19.93003,1
1677142490029,787,540,15.71915,1,19.95305,1
1677142490036,788,550,15.83105,1,19.86817,1
1677142490043,773,550,15.82714,1,19.575,1
1677142490049,801,526,15.66911,1,19.40417,1
1677142490056,801,484,15.75426,1,19.43695,1
1677142490062,756,423,15.86448,1,19.40658,1
1677142490069,745,427,16.24961,1,19.56666,1
1677142490075,745,427,16.18325,1,19.55812,1
1677142490082,760,449,16.30867,1,19.65852,1
1677142490089,763,446,16.31943,1,19.68227,1
1677142490096,763,472,16.26997,1,19.63447,1
1677142490103,754,494,16.14835,1,19.74406,1
1677142490110,763,516,15.59573,1,19.73746,1
1677142490116,763,528,15.74436,1,19.60625,1
1677142490123,766,518,15.78883,1,19.59791,1
1677142490129,779,528,15.74579,1,19.59152,1
1677142490136,779,501,15.74199,1,19.66622,1
1677142490143,752,483,16.20504,1,19.95202,1
1677142490149,761,471,16.05855,1,20.00797,1
1677142490156,761,452,16.1797,1,19.39609,1
1677142490163,759,441,16.17076,1,19.38482,1
1677142490169,742,429,16.38851,1,19.37521,1
1677142490176,741,455,15.84699,1,19.36773,1
1677142490183,766,517,16.30201,1,19.52835,1
